pre_slip_area,total_delta,start_time,slip_severity,tide_height,tide_change,form_factor,mins_since,mins_until
107.80513806028466,0.34878328975173645,2011-01-11 08:05,8.194636635456168e-07,4.578163622642535,-0.001927391865066408,,,665.0
126.12559901819623,0.31225402748289827,2011-01-11 19:10,6.70749425183025e-07,-19.514214312516078,-0.24612951084097645,,665.0,815.0
138.8650410812746,0.3347997148812283,2011-01-12 08:45,6.132234457666732e-07,19.337787600279217,-0.07934317470016161,,815.0,760.0
90.95051025792297,0.3036502339592617,2011-01-12 21:25,9.796908479070906e-07,-53.65377777508331,-0.1519895851513411,,760.0,790.0
128.8848957031405,0.3240981646667933,2011-01-13 10:35,7.178703246428643e-07,25.038244968886193,-0.11555400158954043,,790.0,1385.0
120.20336552717708,0.47398577082397725,2011-01-14 09:40,1.0422879307532092e-06,53.09458144154284,-0.15948573855387238,,1385.0,605.0
157.43485446519117,0.3347521287408502,2011-01-14 19:45,9.561944519800158e-07,-36.56661460829656,-0.2772865461971854,,605.0,850.0
101.86420364703736,0.35963374687707983,2011-01-15 09:55,5.087065208229931e-07,70.90433149023234,-0.12991311548014295,,850.0,600.0
191.43327461271838,0.33078098715971765,2011-01-15 19:55,8.102386574920363e-07,-44.46516999800239,-0.280396921301616,,600.0,920.0
120.71648220811767,0.36578814506113605,2011-01-16 11:15,5.827073120558192e-07,77.53281619733691,-0.12450766324503348,,920.0,1525.0
112.31508323739035,0.47638511416638113,2011-01-17 12:40,1.1099305929602317e-06,82.93441558099933,-0.10140688623037164,,1525.0,565.0
59.32797097850198,0.320868083659055,2011-01-17 22:05,1.0072963364912962e-06,-90.32893858046663,-0.21799821379185147,,565.0,913.75
59.775083184322284,0.36998101774952374,2011-01-18 13:18,5.828510693914006e-07,90.04598944313463,-0.023472904616028245,,913.75,1476.25
64.31389903367744,0.47250719908576383,2011-01-19 13:55,1.2153894943359346e-06,89.6211197417244,0.06376886586805597,,1476.25,550.0
99.03140670141511,0.3189118950273648,2011-01-19 23:05,9.882744849418036e-07,-102.96664225099246,-0.23928739099466867,,550.0,910.0
70.6799363263417,0.3489806359211798,2011-01-20 14:15,6.184170086969426e-07,77.46173299468455,0.15872063054065677,,910.0,615.0
50.92721408962461,0.27539574480761075,2011-01-21 00:30,9.214933694265292e-07,-106.58895991109154,-0.06259576185199478,,615.0,985.0
105.14900463711456,0.4012506452878976,2011-01-21 16:55,6.848489211001474e-07,73.45374297958594,0.009751131855303186,,985.0,1240.0
46.3491311110738,0.3995986412895339,2011-01-22 13:35,1.4332946623483336e-06,13.491283831263653,0.11265488854571348,,1240.0,575.0
196.0106908754824,0.34739434686828946,2011-01-22 23:10,6.596496680240127e-07,-38.16376121745355,-0.391039359448456,,575.0,1123.75
65.87865947420141,0.35473140616280335,2011-01-23 17:53,6.097531671605421e-07,20.180506856277567,0.11915701814231205,,1123.75,1061.25
146.37669428155277,0.40843867585014476,2011-01-24 11:35,1.0416900948462003e-06,13.55289520605288,-0.18721230755788287,,1061.25,810.0
121.58431298532378,0.32340751134082285,2011-01-25 01:05,7.077547705322632e-07,-17.474534100971724,-0.06662187591216728,,810.0,705.0
134.75383633051024,0.3278756745397307,2011-01-25 12:50,6.12755982650901e-07,11.52972331806646,-0.23487453068158892,,705.0,1310.0
109.65593287895899,0.442951363605971,2011-01-26 10:40,1.0786291730658265e-06,42.98909058708434,-0.027413876033733686,,1310.0,1350.0
100.52366249297847,0.4648685900538112,2011-01-27 09:10,1.3350094330468254e-06,45.43035656430028,0.033459189523657784,,1350.0,515.0
185.86732500734797,0.33086146836042946,2011-01-27 17:45,6.396218115968665e-07,-44.56301612543505,-0.3893849572125596,,515.0,915.0
86.60995345999254,0.3590805616234623,2011-01-28 09:00,6.655352464550113e-07,50.141776519018514,-0.028205578103090545,,915.0,540.0
194.81429165363807,0.3440049257527183,2011-01-28 18:00,7.526452632529351e-07,-29.964203464020283,-0.480737772700099,,540.0,945.0
111.52021755367969,0.35601899764393846,2011-01-29 09:45,6.536784524061022e-07,52.26609804975373,-0.06396036800425264,,945.0,550.0
151.51488461844565,0.33762325157780043,2011-01-29 18:55,8.348910812152772e-07,-32.71786674795041,-0.5420362125072167,,550.0,975.0
122.80888436282112,0.35181861825549277,2011-01-30 11:10,7.648312017992708e-07,49.04696837290521,-0.028984860025051518,,975.0,565.0
96.97677247815591,0.30811328825317713,2011-01-30 20:35,8.654501195798763e-07,-63.228362388234075,-0.5432921102758499,,565.0,1005.0
121.85096061806689,0.35254121981415665,2011-01-31 13:20,9.143109687773707e-07,50.04111762462718,0.08377591919702354,,1005.0,670.25
19.74882988337413,0.23838502534636064,2011-02-01 00:30,5.973378599465698e-07,-112.87340955193659,0.10766192849980882,,670.25,974.75
143.52947656250763,0.41403510274297634,2011-02-01 16:45,7.408179567583474e-07,59.28850666691156,-0.04868055969259544,,974.75,1270.0
66.75183132694656,0.41354581375344424,2011-02-02 13:55,1.3366692855129046e-06,40.44929839503349,0.08501631350046068,,1270.0,560.0
105.26480334137887,0.31179994183185045,2011-02-02 23:15,7.703326105684649e-07,-74.11923598412358,-0.3585320613499974,,560.0,1060.0
130.65650591152007,0.39787233252961113,2011-02-03 16:55,1.0532187921617237e-06,48.05381695128343,0.04908781252974137,,1060.0,1280.0
52.61201682555111,0.41726473884045845,2011-02-04 14:15,1.3967084639154658e-06,22.645768893902645,0.04870787975610824,,1280.0,668.75
77.52377336053542,0.30881738334088976,2011-02-05 01:23,9.77473721037386e-07,-60.73789824019199,-0.08022243527499029,,668.75,966.25
142.8295729905767,0.3870325597890769,2011-02-05 17:30,9.955627487860851e-07,22.857368748896477,0.0389790786751707,,966.25,1160.0
54.91224786315797,0.38247173944546375,2011-02-06 12:50,1.3109253375220795e-06,10.532182172747545,-0.04435154880239267,,1160.0,1655.0
85.8236064164339,0.4777972754915633,2011-02-07 16:25,1.162525049011861e-06,0.14543553776958373,-0.04539466544710315,,1655.0,845.0
104.53531333198043,0.3785221026749544,2011-02-08 06:30,8.075353932661964e-07,12.100231898671119,-0.009646788980830046,,845.0,750.0
125.57332022017363,0.3530920446525367,2011-02-08 19:00,6.5044208869418e-07,-19.274833751785266,-0.11844450367250303,,750.0,770.0
104.63369728815451,0.3332877685461426,2011-02-09 07:50,5.544153499355028e-07,22.044977200712047,-0.12936568230540324,,770.0,760.0
139.96696667843935,0.30092056639599224,2011-02-09 20:30,9.273335883458378e-07,-39.282169848038144,-0.12670642656104292,,760.0,740.0
120.54141097682077,0.3204206078420005,2011-02-10 08:50,6.059708699572661e-07,27.73512588395401,-0.21845092357467877,,740.0,1410.0
107.441869266695,0.4958425738902103,2011-02-11 08:20,9.250349751412182e-07,55.07528762069267,-0.2368313786344025,,1410.0,615.0
141.12026023462022,0.34506395113567123,2011-02-11 18:35,6.457675458857456e-07,-20.943547967624465,-0.20703654296363716,,615.0,825.0
101.59034498812616,0.3677456676935738,2011-02-12 08:20,5.243986129575812e-07,74.82533910688318,-0.18676858759197756,,825.0,635.0
145.08614746733656,0.32030419955117395,2011-02-12 18:55,7.080826626796741e-07,-28.782719820501512,-0.21520777642339617,,635.0,870.0
106.87376977157328,0.3538034431597528,2011-02-13 09:25,6.215707556086867e-07,77.28203853987607,-0.19369503010760525,,870.0,678.75
90.73843046577167,0.29551574861155433,2011-02-13 20:43,1.040070547218439e-06,-60.0522760650964,-0.2286688907088319,,678.75,841.25
128.81546945405717,0.34666255687867914,2011-02-14 10:45,5.414124050555171e-07,74.31056889344454,-0.15799382211666568,,841.25,1515.0
104.43805135779257,0.4913097832541098,2011-02-15 12:00,1.1003967967306253e-06,72.57121208947001,-0.06714835360936178,,1515.0,578.75
40.577283995498874,0.28982766756234923,2011-02-15 21:38,9.472717506740156e-07,-84.14499715119695,-0.21745121380916288,,578.75,916.25
90.87366026440577,0.3691203947649531,2011-02-16 12:55,5.903140848648431e-07,70.85947345918588,0.0544468168572152,,916.25,1465.0
61.843096956781665,0.45207968577111995,2011-02-17 13:20,1.3159085553864624e-06,58.962341629398665,0.19263871149930978,,1465.0,530.0
100.97452252979565,0.30502786037686747,2011-02-17 22:10,9.267519077996684e-07,-79.41864911326792,-0.3280809660441619,,530.0,1170.0
137.07287739478488,0.4538766444917807,2011-02-18 17:40,9.054447605481687e-07,64.5023586467401,-0.1919417006772619,,1170.0,880.0
96.64333427850579,0.38586427947545116,2011-02-19 08:20,6.387884624382185e-07,8.802474994521484,-0.182330691883271,,880.0,670.0
153.34599167612396,0.354773635493378,2011-02-19 19:30,5.426928294969583e-07,41.96017877797522,-0.31596563693691593,,670.0,765.0
96.73555557739746,0.34991742358639993,2011-02-20 08:15,5.191991780625798e-07,20.019099945608588,-0.2014921276187387,,765.0,778.75
88.87053969285262,0.3219699695716069,2011-02-20 21:13,5.688397308168153e-07,17.34899583820659,-0.3045926324383448,,778.75,701.25
147.80586054002924,0.3459211052880467,2011-02-21 08:55,5.417158597002169e-07,25.882027388096436,-0.2527942939276162,,701.25,845.0
105.58326801779913,0.34611735065846005,2011-02-21 23:00,5.762277294793882e-07,2.20185722243253,-0.16446721985816048,,845.0,690.0
191.06817392759694,0.3407048854302654,2011-02-22 10:30,5.794969837518747e-07,15.257534583089091,-0.3391434322738993,,690.0,1365.0
104.65896625502864,0.4774371817014374,2011-02-23 09:15,1.1095558292094074e-06,46.571588256862526,-0.11828211013268586,,1365.0,1350.0
110.78680101725695,0.4746715404035058,2011-02-24 07:45,1.2683099940147062e-06,50.96858176929595,0.0006461370431871671,,1350.0,660.0
53.167544011539576,0.2989926456163327,2011-02-24 18:45,9.249326889753909e-07,-79.32612903827318,-0.09759268764166507,,660.0,800.0
78.3186690268667,0.3404608601291936,2011-02-25 08:05,5.374199319565074e-07,49.96317732403184,-0.0697205461985071,,800.0,578.75
182.6219227992442,0.31950313220052823,2011-02-25 17:43,7.743781166349614e-07,-50.933335236866675,-0.38228761532077016,,578.75,871.25
102.2619808564923,0.34055053637954796,2011-02-26 08:15,6.126099484064589e-07,49.2804294654053,-0.1448860480364509,,871.25,635.0
167.86569980162312,0.34431666513410164,2011-02-26 18:50,9.082811636130273e-07,-53.210790263730075,-0.4580994686544919,,635.0,853.75
117.84861873184127,0.3285835920639026,2011-02-27 09:03,5.889396299612744e-07,41.76391356661964,-0.1828341218728795,,853.75,600.0
186.59792289852703,0.34594180092729704,2011-02-27 19:03,8.001620964800748e-07,-32.338929100102916,-0.5199104470422817,,600.0,880.0
144.96978756134922,0.32948876269316923,2011-02-28 09:43,6.77639834134363e-07,33.579169772906845,-0.19154961125877534,,880.0,626.25
153.52487085852772,0.35177173543100554,2011-02-28 20:10,9.155766571561625e-07,-41.8048919476815,-0.5272535594991759,,626.25,1075.0
51.895010539701616,0.35596090250328416,2011-03-01 14:05,1.1187228821642685e-06,31.38460412232373,0.1831949514236051,,1075.0,1248.75
198.7739559666079,0.4209813813989361,2011-03-02 10:53,1.2944702721803604e-06,15.58480400702986,-0.14154265475747696,,1248.75,586.25
189.21309496576214,0.3380561520898482,2011-03-02 20:40,6.660478907202046e-07,-14.543669134100703,-0.469070210974313,,586.25,885.0
137.8044367063012,0.30572413984433905,2011-03-03 11:25,8.578015815835202e-07,5.3708632738600635,-0.10050803198506753,,885.0,670.0
146.88248192129322,0.3012961681840049,2011-03-03 22:35,8.384549668523725e-07,-43.607975855332576,-0.3309525580674446,,670.0,1275.0
127.19183151415564,0.4580160413121727,2011-03-04 19:50,9.628302824344043e-07,25.09790208987559,-0.22621915505940215,,1275.0,815.0
113.35349782399135,0.3470322709326865,2011-03-05 09:25,7.504541971084961e-07,8.896182045380186,-0.15660504458476865,,815.0,750.0
156.90758795970396,0.3164840878986676,2011-03-05 21:55,7.423806953851721e-07,0.6992448692133028,-0.23126969791594387,,750.0,840.0
84.14784911659808,0.2864886243429889,2011-03-06 11:55,1.009880881042928e-06,-18.128141199540305,-0.09649624012265257,,840.0,1300.0
129.67567610798142,0.43660304517591914,2011-03-07 09:35,1.300052157982236e-06,-1.2209806006275383,-0.14609980289619906,,1300.0,1265.0
130.31002087138404,0.47418103400317096,2011-03-08 06:40,1.0201710934975123e-06,19.31049239555546,-0.08079586750555556,,1265.0,1365.0
116.11398634386205,0.4711420438543428,2011-03-09 05:25,9.904995312727581e-07,39.546293303100896,-0.08388310981957048,,1365.0,1530.0
146.92209167822512,0.5122859850307577,2011-03-10 06:55,1.1935084265125572e-06,42.89410761609274,-0.24532393699288946,,1530.0,1370.0
126.05303608932445,0.4803676837667202,2011-03-11 05:45,9.023207902974984e-07,75.83262384284173,-0.11079633557382351,,1370.0,760.0
89.46974392816628,0.36921978579387843,2011-03-11 18:25,8.368846516402937e-07,-28.819642425417868,-0.14959430662942985,,760.0,740.0
112.89812881022954,0.3700204522610875,2011-03-12 06:45,4.3173628494659235e-07,82.5272870889269,-0.19003015407391644,,740.0,743.75
109.8094533748008,0.34696585404647823,2011-03-12 19:08,8.618813761461246e-07,-36.816221655555886,-0.179410357740867,,743.75,761.25
111.25878534561707,0.3408714476172463,2011-03-13 07:50,4.843297458463787e-07,80.74161572369201,-0.24271176387993165,,761.25,785.0
115.27503797949976,0.31528022277537576,2011-03-13 20:55,1.061620688219241e-06,-58.42261790410404,-0.14575931466570324,,785.0,718.75
101.9684490950749,0.32631494049079873,2011-03-14 08:53,4.6458307000013946e-07,73.14748449991295,-0.22947400713328392,,718.75,740.0
82.44983603965011,0.29108105945973267,2011-03-14 21:13,1.0323230455159325e-06,-64.75570282880243,-0.1169228932068691,,740.0,790.0
114.15759646732113,0.32154917878748773,2011-03-15 10:23,5.905178017324102e-07,56.96453119127324,-0.1652422675424532,,790.0,1426.25
120.07162251851696,0.4707346888050476,2011-03-16 10:10,1.0874449915184549e-06,47.70889220506821,-0.01555918121242783,,1426.25,530.0
205.36126007540588,0.3379231130359888,2011-03-16 19:00,6.085248550042654e-07,-34.56076875173815,-0.32891825111880735,,530.0,925.0
153.9987335531987,0.35777665228427696,2011-03-17 10:25,7.171544633420364e-07,20.554181461073775,0.07420506417683725,,925.0,655.0
84.98937123114956,0.2896048790862551,2011-03-17 21:20,9.446676709351733e-07,-62.05138486595888,-0.21481279772346085,,655.0,1205.0
108.88944659880508,0.46138504530730035,2011-03-18 17:25,8.722476264412487e-07,43.808134198444584,-0.22220851650060425,,1205.0,770.0
90.5680265479532,0.3625504664256975,2011-03-19 06:15,5.324314529548797e-07,18.865213567843355,-0.18359100258547834,,770.0,758.75
160.86247084829665,0.3664739357288151,2011-03-19 18:53,5.225741780195604e-07,37.12153985747553,-0.28270092135108627,,758.75,711.25
133.20333480232875,0.3471574449091956,2011-03-20 06:45,4.727066845712579e-07,27.644393006769057,-0.277063102267892,,711.25,810.0
126.36677009815685,0.34127982779561233,2011-03-20 20:15,5.831768772686784e-07,28.480039356159438,-0.26243339493980145,,810.0,680.0
190.76096149225123,0.36913261933174607,2011-03-21 07:35,5.840246915559147e-07,31.30344693005557,-0.3761588962921447,,680.0,890.0
116.94232788338923,0.3516051798699967,2011-03-21 22:25,7.356317127741832e-07,14.014945724037078,-0.16861031762915335,,890.0,630.0
230.8225662813129,0.36940600463276496,2011-03-22 08:55,6.468609994715858e-07,19.552646193554406,-0.4742815295380911,,630.0,1345.0
130.5774755946004,0.5062364357872866,2011-03-23 07:20,1.0800907384547312e-06,62.39303603660479,-0.12264170692967724,,1345.0,1325.0
108.3869161626717,0.44932134068706847,2011-03-24 05:25,1.3075244363856487e-06,61.39166983544217,0.05057890419494626,,1325.0,665.0
38.369443563333334,0.3022909963935187,2011-03-24 16:30,4.797330051693702e-07,-84.13363791971275,-0.07079230261973635,,665.0,865.0
117.89869526164694,0.3649074537437021,2011-03-25 06:55,6.443535177588517e-07,56.738738305360116,-0.08223386981233816,,865.0,1423.75
165.03123695541944,0.4860438001996954,2011-03-26 06:38,1.0898224184679621e-06,55.495272117151075,-0.1660380229385474,,1423.75,570.0
212.39606223436567,0.35616251876490423,2011-03-26 16:08,8.016066923465797e-07,-23.027870311089753,-0.34176232209802393,,570.0,875.0
96.21937180016175,0.36073727717788034,2011-03-27 06:43,5.608508287528552e-07,54.96149036488185,-0.23824657819674755,,875.0,621.25
151.4173768083856,0.3573589054164283,2011-03-27 17:05,6.2541240182241e-07,-11.453514320724992,-0.3756579899413621,,621.25,850.0
124.99209805580904,0.3509655796248505,2011-03-28 07:15,6.0442990649089e-07,47.52820872304522,-0.29230456199511323,,850.0,638.75
173.9798056404652,0.3529678434012264,2011-03-28 17:53,5.882228664365296e-07,-2.5887751855716927,-0.39108379285038697,,638.75,841.25
110.88878056651083,0.32710421625961317,2011-03-29 07:55,6.300600978841678e-07,34.889013431760446,-0.3200050839086366,,841.25,675.0
218.95199258649882,0.3358593667653622,2011-03-29 19:10,6.821456685376639e-07,-10.829802739692404,-0.42047466475519535,,675.0,790.0
156.79908983096539,0.32255655504801933,2011-03-30 08:20,6.416297268349868e-07,24.26000685341617,-0.31598914676168377,,790.0,715.0
205.28158904444354,0.3202836005899978,2011-03-30 20:15,8.372799212928412e-07,-16.393385516684848,-0.3886201274707908,,715.0,840.0
142.0194871222884,0.29029049632663373,2011-03-31 10:15,9.134456838496098e-07,-13.164231554395045,-0.21331615632396161,,840.0,1325.0
154.3570734181958,0.45324269064197625,2011-04-01 08:20,9.496344701236533e-07,10.640748264488456,-0.26695952254694966,,1325.0,745.0
167.24880625944934,0.34490227341545204,2011-04-01 20:45,6.94809592274067e-07,7.352535967963765,-0.25638121243244694,,745.0,740.0
184.8076378670521,0.3182540615525795,2011-04-02 09:05,6.997129898939131e-07,-8.966934449613587,-0.2739497969513227,,740.0,880.0
85.96682754692665,0.2952002014014094,2011-04-02 23:45,8.525859958348329e-07,-7.262801860592452,-0.056087105487748534,,880.0,1640.0
61.807212199437345,0.48922420929253957,2011-04-04 03:05,1.6162797758149434e-06,20.644792151679635,0.08354964662965614,,1640.0,1395.0
53.31451881196699,0.4647285404183397,2011-04-05 02:20,1.4897981559661e-06,34.62807507114978,0.0485197210705941,,1395.0,1465.0
58.32317511874862,0.4941293681913521,2011-04-06 02:45,1.3115003737382786e-06,53.70007272309807,0.03050066458276035,,1465.0,745.0
46.04178444340505,0.3328100166108925,2011-04-06 15:10,5.454450825750774e-07,-45.20782578791186,0.0785046955903681,,745.0,800.0
112.92327661452873,0.3866142985377034,2011-04-07 04:30,4.651552457280869e-07,67.16102074680472,-0.1226914781100703,,800.0,1395.0
123.28047502242043,0.49139808888867265,2011-04-08 03:45,1.2387187054521041e-06,85.11723336032064,0.01823300774229608,,1395.0,1540.0
96.9489754849019,0.5122848527316819,2011-04-09 05:25,1.2585141635092967e-06,88.99755156007367,-0.17234787043121003,,1540.0,1446.5
121.1194157904356,0.5123928741595591,2011-04-10 05:31,1.136994216062419e-06,94.90980283157704,-0.08814839708718836,,1446.5,700.0
48.41832417365367,0.3545367766249304,2011-04-10 17:11,9.826366934406534e-07,-37.720390561677384,-0.03932410857466451,,700.0,788.5
130.7882991481165,0.3875515728116928,2011-04-11 06:20,4.5008403561925953e-07,87.24752586771952,-0.11178511860471474,,788.5,695.0
137.89798457497454,0.33891209592062904,2011-04-11 17:55,8.978894488387452e-07,-40.722960120213735,-0.0702722346575051,,695.0,801.5
111.6295976771653,0.36778214901763323,2011-04-12 07:16,4.793420235090258e-07,69.26398669703221,-0.12626369302358142,,801.5,810.0
78.37406402315537,0.31798184839378035,2011-04-12 20:46,1.082652740353397e-06,-52.127156994261135,-0.021717773699393206,,810.0,718.5
117.8722474920869,0.3372713019319538,2011-04-13 08:45,5.150351796024714e-07,38.8613296388241,-0.1202749165744379,,718.5,1425.0
118.01021475839661,0.4639707324119324,2011-04-14 08:30,1.1276445000708305e-06,11.707030827983292,-0.0639933811606852,,1425.0,640.0
151.96037529431123,0.34102932485499576,2011-04-14 19:10,6.905127664956524e-07,-29.737576746473376,-0.1870424684442309,,640.0,750.0
133.81846156955362,0.32772263953908504,2011-04-15 07:40,7.244463234964813e-07,-13.445763605773234,-0.1851368060792451,,750.0,726.5
535.5163748003724,0.32088894405266427,2011-04-15 19:46,5.994523940843584e-07,-17.81139266520551,-0.2115186045067592,,726.5,673.5
216.76754865797193,0.3264698957160969,2011-04-16 07:00,8.145110665781076e-07,-14.261644405215801,-0.377138390867529,,673.5,795.0
368.81014259512085,0.3243183699111493,2011-04-16 20:15,4.922994998610151e-07,-1.1739452965660395,-0.21625837550022925,,795.0,650.0
232.019804340689,0.35349174272657063,2011-04-17 07:05,6.666862743214805e-07,-7.069571977146059,-0.513578584325368,,650.0,920.0
138.376330838164,0.2901499755049978,2011-04-17 22:25,1.0570154972862503e-06,3.4743473500215205,-0.031611478070941335,,920.0,580.0
150.87905896965822,0.35354879763084074,2011-04-18 08:05,8.882785473395398e-07,-19.826033739344343,-0.6217115683092942,,580.0,1262.0
139.10096977690046,0.5050776597029957,2011-04-19 05:07,8.231884083478068e-07,76.02138763495849,-0.08094019297681854,,1262.0,1318.0
69.837766745095,0.44489031388608663,2011-04-20 03:05,1.357658737815172e-06,66.1927993068613,0.18850422873981643,,1318.0,490.0
159.32709938939297,0.3347832447567877,2011-04-20 11:15,8.986659160684414e-07,-72.99142446899434,-0.5088319798523813,,490.0,985.0
72.08430586590111,0.371232164252433,2011-04-21 03:40,6.776042790264355e-07,70.696180423644,0.09874384618728271,,985.0,565.0
106.99936800361684,0.3019429170938868,2011-04-21 13:05,8.939567868982276e-07,-83.85940525040472,-0.3342682675260207,,565.0,955.0
120.61875372119175,0.3666675131462398,2011-04-22 05:00,5.642883567824592e-07,69.3942177962111,-0.029953089893950846,,955.0,643.75
23.229517500731163,0.2661508833868235,2011-04-22 15:43,8.950476006165165e-07,-88.67410717341286,-0.1317045911766499,,643.75,836.25
129.04066089064145,0.3407238360426466,2011-04-23 05:40,5.982637383357479e-07,59.499565313001156,-0.13491658544994678,,836.25,1430.0
131.0291555110416,0.4838412110329955,2011-04-24 05:30,1.0277202212604187e-06,57.48834643613543,-0.21537745550235243,,1430.0,610.0
168.81215655557753,0.33621787336596753,2011-04-24 15:40,8.303433763277227e-07,-24.927969606019243,-0.28111235207773966,,610.0,825.0
130.37032522664958,0.3783672131636801,2011-04-25 05:25,5.120874670964793e-07,58.561263362362126,-0.24940964683306532,,825.0,735.0
155.83854452421292,0.34270861663875013,2011-04-25 17:40,8.956232594447031e-07,-31.138513011355464,-0.31298196656198485,,735.0,775.0
140.2020131597601,0.32659831759034813,2011-04-26 06:35,5.412059725489647e-07,37.337567807321406,-0.3405108395456402,,775.0,740.0
157.7126311380198,0.32439101257477887,2011-04-26 18:55,6.488249610238579e-07,-27.904890523905344,-0.30281041320072255,,740.0,755.0
202.6643987695752,0.32490152174432296,2011-04-27 07:30,6.609270198022619e-07,15.895982631581617,-0.3700980665486169,,755.0,778.75
372.007883396127,0.31613628198344185,2011-04-27 20:28,7.58190332389931e-07,-29.243588875644,-0.22627971971579264,,778.75,1546.25
189.2918596020172,0.4280469897154641,2011-04-28 22:15,1.7518174742507723e-06,-24.066751198303045,-0.06497900391853051,,1546.25,690.0
117.48933687971657,0.30820115047875635,2011-04-29 09:45,9.895632750324129e-07,-37.078260432174694,-0.2503832045191636,,690.0,925.0
30.49564358416319,0.30040078061574604,2011-04-30 01:10,9.424707296431452e-07,3.698480427045149,0.16350062347665717,,925.0,1368.75
60.96361429954413,0.42304615701383835,2011-04-30 23:58,1.5132988074844234e-06,12.312893289068953,0.023588989756351708,,1368.75,566.25
193.23749215973294,0.3192623746047805,2011-05-01 09:25,7.289463199208445e-07,-41.58985517859836,-0.2987724138306973,,566.25,1085.0
82.77513242341229,0.3959517976521359,2011-05-02 03:30,1.246063782398923e-06,36.836438905314225,-0.009460088233570474,,1085.0,1370.0
111.55077849687586,0.4828546402908008,2011-05-03 02:20,1.309970873931672e-06,50.02117223584241,-0.0038548902049022615,,1370.0,1410.0
66.51432191483764,0.4830307631879502,2011-05-04 01:50,1.259322533124669e-06,65.50217677150262,0.007651673888361188,,1410.0,600.0
78.91924282110267,0.3185221593569925,2011-05-04 11:50,1.0445198764390098e-06,-69.31098663754328,-0.11958585907264307,,600.0,875.0
63.91778731916929,0.3599741113818406,2011-05-05 02:25,5.216872382023424e-07,79.27281810567254,-0.00917650933501335,,875.0,750.0
26.353880675833352,0.2772134293312168,2011-05-05 14:55,5.344356382315595e-07,-65.63142114951502,0.09551696476912497,,750.0,810.0
123.85273250075194,0.3854486996874171,2011-05-06 04:25,5.150146425362985e-07,80.24924513377324,-0.19607308520657796,,810.0,1425.0
84.0265531199293,0.4923447546001019,2011-05-07 04:10,1.2627675573489392e-06,92.83978136302721,-0.11836128333094109,,1425.0,610.5
40.68715976423846,0.30149852570806007,2011-05-07 14:20,1.0673069357740217e-06,-60.8602296464285,0.007953195807829161,,610.5,869.5
104.98763335253898,0.3866604089732088,2011-05-08 04:50,3.8895198355124543e-07,91.64371868948194,-0.13955094446551186,,869.5,1465.5
119.82967749025192,0.5031891501930659,2011-05-09 05:15,1.183854584392138e-06,85.00101856577024,-0.11113656023402996,,1465.5,1515.0
159.9313504730526,0.4954234922964436,2011-05-10 06:30,1.0828590634045695e-06,62.9288589699449,-0.17682798217488127,,1515.0,1405.0
125.53493099137995,0.4963168842538532,2011-05-11 05:55,1.0991540380754572e-06,46.38078928919682,-0.06752868484580432,,1405.0,890.0
68.90165665992754,0.3524433951145814,2011-05-11 20:45,9.019086267830505e-07,-29.153533428127744,0.0902627822956692,,890.0,680.0
99.66180759634881,0.32410796412295895,2011-05-12 08:05,4.908362893399738e-07,4.6023075160490645,-0.11589290639579808,,680.0,1233.5
99.15910227176937,0.4359209273291829,2011-05-13 04:39,8.460983808250341e-07,13.112155814014859,-0.1713680917018312,,1233.5,861.0
108.94589117964642,0.36415802095871186,2011-05-13 19:00,7.795956168710643e-07,-7.2584866962514,-0.04285517429631236,,861.0,610.0
148.69543396820518,0.32011294706899207,2011-05-14 05:10,5.229732993066287e-07,5.9081800579900365,-0.3357276114593084,,610.0,930.5
81.9326205283869,0.34379802065329085,2011-05-14 20:40,7.153223545618947e-07,8.191670902985242,0.019117183787209946,,930.5,556.25
144.79486088655904,0.30266108333307784,2011-05-15 05:56,6.54314276828447e-07,-1.3655513452403882,-0.49259688045531924,,556.25,1208.25
47.4618883965195,0.42235024697341333,2011-05-16 02:05,1.2669517368527847e-06,69.62227286449848,0.11510496660847735,,1208.25,1385.0
51.0507859491554,0.4502503095160743,2011-05-17 01:10,1.3063327994409323e-06,66.34018306901469,0.20456925686819005,,1385.0,490.0
107.51177085314339,0.3224260996939847,2011-05-17 09:20,9.740945983036562e-07,-78.5855053299801,-0.58108568116171,,490.0,970.5
48.29511784821079,0.3528573523508385,2011-05-18 01:30,5.795861283863403e-07,71.37417724473568,0.17054964850392906,,970.5,539.5
117.25710313654417,0.32802157211699523,2011-05-18 10:30,9.356692222865934e-07,-89.2988179656638,-0.5258758476197158,,539.5,1034.0
139.03193887888847,0.4010675873141736,2011-05-19 03:44,7.492533789752506e-07,84.01723592140351,0.059248232021097635,,1034.0,570.0
52.57562039851109,0.26547580929036485,2011-05-19 13:14,8.913600724292214e-07,-118.60989844797712,-0.14415045077475952,,570.0,931.0
115.26143045037315,0.36196766101784306,2011-05-20 04:45,7.095998771816934e-07,75.5010195176279,-0.019971235567240342,,931.0,600.0
26.049356879848347,0.2479879228073211,2011-05-20 14:45,9.168933759169139e-07,-107.30827536321648,-0.04717027231093596,,600.0,873.0
121.567577548376,0.3556017576314237,2011-05-21 05:18,5.767629835868233e-07,61.07648480947117,-0.0789167087980509,,873.0,1394.0
123.65978319352507,0.46662793163219857,2011-05-22 04:32,9.287931521060486e-07,56.18382825524115,-0.14897235374438011,,1394.0,570.0
179.62545455253348,0.324732416588328,2011-05-22 14:02,8.037949319722956e-07,-39.24481430712225,-0.26622331767900675,,570.0,876.0
115.88320040365943,0.3703938212323313,2011-05-23 04:38,5.460209254954184e-07,51.12411582754959,-0.21787960966493358,,876.0,742.5
83.50419989146758,0.30228403441530344,2011-05-23 17:00,9.951256961235891e-07,-49.66760995100858,-0.1730336204764562,,742.5,735.0
152.57797282960382,0.3265735576035998,2011-05-24 05:15,4.797161646176167e-07,39.94073993913588,-0.28365764950629924,,735.0,1454.5
178.87612788888873,0.4790267727560907,2011-05-25 05:30,8.757505909857299e-07,34.00547754280864,-0.30687509727452067,,1454.5,854.0
113.41193065223706,0.34789082814677386,2011-05-25 19:44,7.467334602855669e-07,-23.982952169421377,-0.101676934268907,,854.0,656.0
148.90252560582667,0.31801017115988844,2011-05-26 06:40,5.440533083481608e-07,8.357119870954529,-0.35959207198929777,,656.0,873.0
178.14612938758728,0.3310878746463762,2011-05-26 21:13,7.46991063834132e-07,-9.352693868842495,-0.038551637876739875,,873.0,712.0
42.12765099289754,0.28375690408574883,2011-05-27 09:05,8.860293656540604e-07,-43.334367304382944,-0.2605792529896327,,712.0,853.0
205.5688645416194,0.2994877680733528,2011-05-27 23:18,1.335778911583936e-06,9.56367811701044,0.05839685660986227,,853.0,1481.0
55.99392321650157,0.4581907645163786,2011-05-28 23:59,1.5378928818568423e-06,26.350374350418083,0.02317090319375481,,1481.0,1481.0
82.19680970905756,0.4751472398954017,2011-05-30 00:40,1.43786663501119e-06,42.474390346242046,-0.010734782958415678,,1481.0,704.0
31.340728732138814,0.31232175716528826,2011-05-30 12:24,7.051603804464658e-07,-78.4500683237406,0.0883630178735757,,704.0,824.0
68.02433854285482,0.38858017268406303,2011-05-31 02:08,8.028332673755655e-07,54.49119716793827,-0.06896980478397907,,824.0,1392.0
78.04514765144631,0.48020683503273176,2011-06-01 01:20,1.1421094623102343e-06,72.00152873550482,-0.04215300795264909,,1392.0,618.0
63.23557767793318,0.3166276780126888,2011-06-01 11:38,9.973755478480419e-07,-84.54365147792869,-0.11290351526108822,,618.0,871.0
41.364121617316414,0.3756791595030033,2011-06-02 02:09,5.92057079819339e-07,81.87945927422781,-0.06648744674971852,,871.0,1496.0
103.4543799628591,0.5079164846126029,2011-06-03 03:05,1.0941898732339796e-06,86.80632232650612,-0.10842493330342506,,1496.0,620.0
61.88431224965825,0.29997914921841584,2011-06-03 13:25,1.0180642070784525e-06,-86.57741786564873,-0.003663042416143014,,620.0,848.0
97.80173673281752,0.37795990836699883,2011-06-04 03:33,4.780258205777509e-07,89.56636063518212,-0.10412762621361082,,848.0,657.0
22.409554665173346,0.2638884316038457,2011-06-04 14:30,9.481126073459011e-07,-81.73365098764089,0.050065779717662906,,657.0,835.0
108.78191329356923,0.3724264559884129,2011-06-05 04:25,4.809794382069314e-07,83.78011031769725,-0.13706806289957285,,835.0,1437.25
115.84027750065037,0.4849009122646583,2011-06-06 04:22,1.0884008547193702e-06,77.15649687328741,-0.0649013141480026,,1437.25,597.75
65.29608911441755,0.28370601911394094,2011-06-06 14:20,1.0318796706090857e-06,-66.44473166480472,-0.029076756201249054,,597.75,855.0
121.3028639420736,0.3781247353739066,2011-06-07 04:35,5.114077806855144e-07,60.8218392250648,-0.03805061836095547,,855.0,1433.0
116.81222679313578,0.4690385387002607,2011-06-08 04:28,1.1630868696294169e-06,39.400503154969016,-0.02748970410926077,,1433.0,1440.0
135.77501822923296,0.48961204577062745,2011-06-09 04:28,1.1829417359026424e-06,17.90195934946498,-0.08684004232638287,,1440.0,1010.0
40.26689793450714,0.36416297340232023,2011-06-09 21:18,1.0690853428165968e-06,7.544708717296439,0.13791435498717108,,1010.0,637.0
121.67316825878515,0.30627640721165034,2011-06-10 07:55,6.678281149839385e-07,-32.341726774475205,-0.10458635512687309,,637.0,981.0
105.25425804464248,0.3569398727195221,2011-06-11 00:16,1.2679152432476609e-06,39.740350467019425,0.038536837043157135,,981.0,1344.0
86.23939077184332,0.4373400598075629,2011-06-11 22:40,1.4809680660140591e-06,43.94837536075326,0.13109512606219909,,1344.0,520.0
53.879781759587786,0.2748125859288848,2011-06-12 07:20,8.040706313048074e-07,-59.816132672484116,-0.3853671125723288,,520.0,980.5
92.65381207125756,0.3621869713048606,2011-06-12 23:40,6.736993255943794e-07,61.30020714955069,0.1264756943334504,,980.5,624.25
18.579431494326855,0.2722177509179649,2011-06-13 10:04,7.54604066882357e-07,-111.34277796360048,-0.11776779027676554,,624.25,943.25
69.1344185766502,0.37285719776506693,2011-06-14 01:48,6.478492129699643e-07,80.07465385400485,0.04567686194256737,,943.25,1417.0
66.3870897822926,0.4646934797638096,2011-06-15 01:25,1.1718093726875636e-06,79.736511925232,0.1085735916188213,,1417.0,503.0
68.22233058992424,0.31445246674896526,2011-06-15 09:48,9.679032236814577e-07,-90.57226393656428,-0.5130036927208792,,503.0,957.5
66.34633005818614,0.3591845389358544,2011-06-16 01:45,5.708893752080017e-07,77.19143627922249,0.09602498940603965,,957.5,541.0
49.816091167413106,0.309167564722884,2011-06-16 10:46,9.545983768192405e-07,-92.00116659603013,-0.47567303371052816,,541.0,976.25
63.468852055266325,0.35751807925407775,2011-06-17 03:02,6.381726249902656e-07,74.18402475462291,0.05483404411969417,,976.25,567.25
82.14673276888789,0.30335365524175967,2011-06-17 12:30,9.378588934369833e-07,-104.00217655746164,-0.2848097280400381,,567.25,935.0
122.80432712106631,0.36939348046629067,2011-06-18 04:05,6.040834075744553e-07,63.46542456809472,0.00465231064487881,,935.0,590.0
46.60654510431414,0.27303437973508454,2011-06-18 13:55,9.304534112904987e-07,-97.03597205947875,-0.1506098978712913,,590.0,902.5
72.80498095513394,0.32700014540751,2011-06-19 04:57,5.752773304989712e-07,47.49832004140316,-0.04816308944751668,,902.5,607.5
30.05945767312369,0.23570287314699576,2011-06-19 15:05,8.990154741434072e-07,-80.82520034736783,-0.08087280701477084,,607.5,852.5
89.99270968248311,0.31121800730276544,2011-06-20 05:17,6.087028853906283e-07,31.512171497320413,-0.1104969708018686,,852.5,1367.5
92.63032313196163,0.4644349742156919,2011-06-21 04:05,1.0918012280681907e-06,34.82201005012407,-0.18504338091636185,,1367.5,1465.0
115.34884259064711,0.48888913663540734,2011-06-22 04:30,1.0917706038896557e-06,27.231314214236058,-0.22929846022390343,,1465.0,1016.5
38.32056239207304,0.3626255288230216,2011-06-22 21:26,1.1619248746136303e-06,-5.499835927259591,0.1736472072616948,,1016.5,623.5
41.864746289102186,0.2769790797732033,2011-06-23 07:50,8.889970341866581e-07,-27.507389381869345,-0.21562606030008347,,623.5,920.0
40.732438181621546,0.3152570512247621,2011-06-23 23:10,1.0864261519691296e-06,12.954521392639906,0.14433453290347042,,920.0,1370.0
89.12012178443547,0.44338857635011664,2011-06-24 22:00,1.2393937628680186e-06,15.794382085583928,-0.006234408136612579,,1370.0,667.5
23.622645781379106,0.285957601054785,2011-06-25 09:07,9.927578534836784e-07,-55.184642168913896,-0.21184784129326317,,667.5,780.0
79.39620686662238,0.3237787788020796,2011-06-25 22:07,5.568504571308538e-07,32.18405857075306,-0.06819396624043961,,780.0,702.5
37.79558932164946,0.2937502387406615,2011-06-26 09:50,1.0037178216479704e-06,-66.98302523351724,-0.17565073147304133,,702.5,845.0
215.03922407382396,0.3348676357497673,2011-06-26 23:55,7.940889645262629e-07,41.48309347583197,-0.07546189591967689,,845.0,1405.0
147.34361466970188,0.4605085067927245,2011-06-27 23:20,1.186757791394971e-06,61.507215132898395,-0.09034363284419555,,1405.0,615.25
25.157710064941057,0.30495019522156025,2011-06-28 09:35,1.0359404551734455e-06,-67.59991409581804,-0.25947918569886497,,615.25,884.75
52.828845002641174,0.32908205785255024,2011-06-29 00:20,5.356597081074195e-07,71.60494025011282,-0.08749252043441658,,884.75,645.0
26.29220031976729,0.28666885128283565,2011-06-29 11:05,9.886145268387578e-07,-87.3334282782895,-0.13295656462337746,,645.0,925.0
69.87838170030955,0.3586798207082514,2011-06-30 02:30,5.964291714419235e-07,71.22409129467744,-0.14944831833829397,,925.0,1445.0
196.85222926822462,0.49474422736481455,2011-07-01 02:35,1.1068917888309827e-06,82.32696754822764,-0.105486964200594,,1445.0,721.75
26.5138881891653,0.27307947572505026,2011-07-01 14:36,6.249361351206081e-07,-84.11720187626784,0.2318380549192156,,721.75,813.25
82.29717167045237,0.3487596746708732,2011-07-02 04:10,5.165085364434977e-07,76.5381733011623,-0.17676244437067368,,813.25,1439.25
37.446089554759965,0.4586446074754349,2011-07-03 04:09,1.1805757317351138e-06,77.71438875149973,-0.08914269619949522,,1439.25,633.25
18.304378943284974,0.2804525478568394,2011-07-03 14:42,9.479260562766656e-07,-85.14304629433161,0.14859983215552575,,633.25,802.5
68.65212987628183,0.33499803970820113,2011-07-04 04:05,5.861235221379725e-07,67.34611846231088,-0.0017306245570125611,,802.5,612.5
35.773189576339064,0.2494465596585845,2011-07-04 14:17,9.95235746470954e-07,-78.94981572022546,0.04589732445244721,,612.5,897.5
70.14104740936091,0.3488122058455095,2011-07-05 05:15,5.233620925645006e-07,47.51862317083239,-0.029672563465251045,,897.5,1345.0
71.8609111135811,0.4454562065996773,2011-07-06 03:40,1.1486384206924915e-06,21.670225819240294,0.023509802567039273,,1345.0,679.25
33.45601093797086,0.2714664940552514,2011-07-06 14:59,9.619853749384155e-07,-43.157013351081844,0.044254359284170874,,679.25,780.75
69.44894194046356,0.3232924149585112,2011-07-07 04:00,5.513137203993901e-07,0.6654984405665014,-0.06021821649832004,,780.75,1355.0
91.03161542618182,0.44304201885825023,2011-07-08 02:35,1.136918825730548e-06,4.43727901668549,-0.18054214699839477,,1355.0,1210.0
75.2646325551541,0.4098225701915605,2011-07-08 22:45,1.2768428074357726e-06,40.771335205322266,0.014569838370750432,,1210.0,1405.0
81.15411533613951,0.45999537218934466,2011-07-09 22:10,1.425254223107832e-06,49.86063229597063,0.055571269008201085,,1405.0,601.75
33.638275670818985,0.29752687046372256,2011-07-10 08:11,9.58802371117459e-07,-81.38096198006183,-0.18148853223506478,,601.75,913.25
71.2466841281639,0.3357922502788521,2011-07-10 23:25,6.029300795076641e-07,60.88157597384316,0.03626807296521761,,913.25,1565.0
52.73349410306764,0.47600819006523426,2011-07-12 01:30,1.1391548556724085e-06,68.90882344118077,-0.01373373450284987,,1565.0,1400.0
58.106969685613876,0.4542132249043789,2011-07-13 00:50,1.2832449207294262e-06,69.42008241673332,0.06352569196370439,,1400.0,505.0
54.43551992460925,0.32012838180768693,2011-07-13 09:15,9.60121494183718e-07,-85.96406197772494,-0.48668573754242317,,505.0,955.0
45.15420204523252,0.3387050943977859,2011-07-14 01:10,6.283349866315316e-07,66.36121609857514,0.0755569443712929,,955.0,558.5
61.526152732403716,0.3195258514800419,2011-07-14 10:28,9.710894245861551e-07,-97.80748260671481,-0.41371635780636495,,558.5,1001.5
64.79688967561742,0.35889412344113225,2011-07-15 03:10,6.572097083145643e-07,67.61619681477383,0.06838037766585359,,1001.5,602.75
55.634684952201496,0.2673453562238137,2011-07-15 13:12,9.494822074858381e-07,-114.36376163917332,0.04221169717995821,,602.75,922.25
78.00257084663826,0.3578080281295115,2011-07-16 04:35,5.791339032037322e-07,61.03387194566772,0.024556528640840014,,922.25,1415.0
73.24550155126417,0.44733288359323825,2011-07-17 04:10,1.2417158932197227e-06,45.36088306865146,0.05568890498961565,,1415.0,529.5
150.33721511541444,0.2894538200246946,2011-07-17 12:59,8.985075985144884e-07,-75.71038325269197,-0.21689009764051548,,529.5,895.5
97.09925619667047,0.3470376024779398,2011-07-18 03:55,6.679122590652018e-07,29.757900692992557,0.010205217367802888,,895.5,666.5
21.773121826827264,0.25152359252388123,2011-07-18 15:01,9.517767158370387e-07,-63.76900411867713,0.015788797014216982,,666.5,875.25
61.506561844380485,0.3096856982447207,2011-07-19 05:36,6.315866592190421e-07,14.372016671717807,-0.024804103193180715,,875.25,1318.25
82.43706436300272,0.44144463948274887,2011-07-20 03:35,1.4454927412980768e-06,14.1157190714579,-0.11871632745161964,,1318.25,1440.0
88.78224258394766,0.4553526409241992,2011-07-21 03:35,1.2468514308716935e-06,12.860965757269371,-0.14398331194369351,,1440.0,900.0
68.50739032857746,0.37538326016510837,2011-07-21 18:35,7.800967410382173e-07,7.222072183088011,2.8013612549671052e-05,,900.0,690.0
95.19295008367408,0.3259957559542575,2011-07-22 06:05,5.283527480368018e-07,-15.02007773528634,-0.21798558519550948,,690.0,885.0
91.90411957397373,0.34085197563642095,2011-07-22 20:50,8.10325436518479e-07,19.174616549422375,-0.0618573926695305,,885.0,700.0
32.0909239420871,0.2714362406550208,2011-07-23 08:30,9.607592778248425e-07,-48.56514221198927,-0.17500003992702773,,700.0,776.75
91.99527801201839,0.2985709737574022,2011-07-23 21:26,5.239596414394321e-07,30.462953650714912,-0.1282433255498674,,776.75,1448.25
112.77762287571022,0.46726919002685463,2011-07-24 21:35,9.631121175505953e-07,46.62411831201359,-0.17020712872058397,,1448.25,666.75
48.81589516886379,0.3107093347013385,2011-07-25 08:41,1.0790024506060184e-06,-54.69540122608538,-0.26536913486288327,,666.75,812.5
83.14387978176455,0.327543699631254,2011-07-25 22:14,5.445733460509829e-07,57.9318601089217,-0.17799082320908965,,812.5,615.75
62.693656913797895,0.30228817194438307,2011-07-26 08:30,9.452130491956695e-07,-51.94648902887251,-0.2898763969985545,,615.75,910.0
60.31096520362553,0.32547877891920507,2011-07-26 23:40,5.213653616812281e-07,60.11011515306084,-0.16752846323160142,,910.0,1510.25
103.92100145039876,0.4867747139239024,2011-07-28 00:50,1.1614979803554823e-06,65.38975001013225,-0.13843150775092283,,1510.25,1454.75
71.181241589602,0.48438904932845617,2011-07-29 01:05,1.1488807829410086e-06,75.20378860495852,-0.06788647825872829,,1454.75,572.75
70.20070972332178,0.3266985015094785,2011-07-29 10:37,1.0502148352156144e-06,-88.24103645396522,-0.19125638727435756,,572.75,892.5
77.77174435552297,0.35950517577778857,2011-07-30 01:30,6.227216147654096e-07,76.37495442725523,0.019753185783272897,,892.5,644.75
24.692012336272455,0.28108953629028594,2011-07-30 12:15,9.595333796324216e-07,-96.96567471925552,0.011567827551864696,,644.75,910.0
76.51621708015227,0.3496084176901301,2011-07-31 03:25,5.894386445220532e-07,73.3469156049149,-0.008850806782241705,,910.0,1370.0
57.65134886845772,0.44886863159626955,2011-08-01 02:15,1.4341458709932784e-06,50.06070245011802,0.17224654399871397,,1370.0,577.0
83.99915257636167,0.301524330827912,2011-08-01 11:52,9.111348164354224e-07,-76.61368444188126,-0.17928343914675793,,577.0,1008.0
81.63972002568698,0.3703658665229644,2011-08-02 04:40,6.843261234559194e-07,45.69969775359142,0.10492713272173404,,1008.0,1167.5
40.20547627244014,0.36313654881572194,2011-08-03 00:07,9.076355419608445e-07,-6.957789706795031,-0.08208196968947368,,1167.5,685.0
73.83972677949714,0.33533664548546466,2011-08-03 11:32,5.149902571135153e-07,-28.475926296238203,-0.22552844199754318,,685.0,725.0
80.96065132636795,0.27968064364540624,2011-08-03 23:37,6.09702845957785e-07,-0.9323505566586356,-0.204562784537473,,725.0,830.0
67.98119822957233,0.2950265746403602,2011-08-04 13:27,6.455779303176857e-07,-21.014045519150244,-0.007334720892604452,,830.0,899.75
22.24227211312609,0.3227871342120731,2011-08-05 04:27,1.0851351744359345e-06,-39.748069832635835,-0.0329965962941543,,899.75,1110.25
67.66382498333769,0.3800858577693968,2011-08-05 22:57,9.351108259684889e-07,36.01447011660846,-0.15239638371884467,,1110.25,1352.5
41.46043234073659,0.4415164139378855,2011-08-06 21:30,1.199997080260443e-06,50.892593393691484,-0.007973610261018393,,1352.5,577.75
25.835293874545393,0.28042623690668156,2011-08-07 07:07,9.680724785492668e-07,-76.15374803501457,-0.16379803622893263,,577.75,912.25
68.57324077214633,0.3299896772289437,2011-08-07 22:20,6.215179329895363e-07,53.07680605733985,-0.010421287949206715,,912.25,567.5
32.05471292282957,0.27069962979029777,2011-08-08 07:47,9.049248397843832e-07,-86.03788974318589,-0.267760971671855,,567.5,959.75
54.989742204508566,0.3056698076966727,2011-08-08 23:47,7.171251171683305e-07,53.092624502478955,0.019000661742413882,,959.75,1460.0
27.28348196685891,0.42455624003196135,2011-08-10 00:07,1.3730721020018993e-06,50.679815450912734,0.0531274460730593,,1460.0,504.25
39.47584154276146,0.3066740387479182,2011-08-10 08:31,1.055196849800379e-06,-75.30259991825268,-0.4833526207264853,,504.25,987.75
71.5215286222321,0.33083218190850777,2011-08-11 00:59,8.096916302167983e-07,48.254615041277624,0.09692908252509369,,987.75,580.0
17.334233406151974,0.26759185254658485,2011-08-11 10:39,8.959400981415272e-07,-105.78810196968969,-0.2358207461984918,,580.0,1115.75
50.14548295176858,0.39810160250371235,2011-08-12 05:15,8.118309826859614e-07,53.99913943364104,-0.16505510420978808,,1115.75,1107.5
41.943437985927716,0.36280537864976475,2011-08-12 23:42,1.068091323083196e-06,28.862541336041954,-0.05100745077828783,,1107.5,550.0
86.82662926599733,0.3051491224138193,2011-08-13 08:52,7.08641377056441e-07,-14.590970618527239,-0.5048243809724156,,550.0,875.0
68.56483369463108,0.2875968551035674,2011-08-13 23:27,6.935201116015573e-07,22.725457011064222,-0.0950415106743634,,875.0,646.75
116.03875782878525,0.329406697580866,2011-08-14 10:14,7.628365167615545e-07,-32.575367284292746,-0.4182456506381982,,646.75,1350.0
55.32595323080022,0.3932602076150943,2011-08-15 08:44,9.640434643764444e-07,13.944272165176278,-0.2773711667412959,,1350.0,873.25
61.62374588040984,0.33403539470455146,2011-08-15 23:17,7.085216662537049e-07,12.263595573880485,-0.111456413831033,,873.25,749.75
59.53678491768369,0.30855471843970006,2011-08-16 11:47,7.199018373442806e-07,-22.775421158153904,-0.18349103154516122,,749.75,1677.5
24.046731275768252,0.42443634233495686,2011-08-17 15:44,1.5851718693618097e-06,-9.407983254121334,0.07719393989568246,,1677.5,866.75
49.601809826359386,0.3466046165121952,2011-08-18 06:11,9.558652329791694e-07,-11.774752841787128,0.002348515304419152,,866.75,917.75
45.70260949352814,0.3366201397600687,2011-08-18 21:29,8.238696498582322e-07,10.0892948188046,-0.04511679427480342,,917.75,1400.0
66.63193107852749,0.44185196170656127,2011-08-19 20:49,1.1526211228013054e-06,15.027498432229052,-0.11203267499687719,,1400.0,633.25
68.52743292235702,0.28423922138504815,2011-08-20 07:22,6.700615714566476e-07,-36.14397821848069,-0.1226202137996637,,633.25,751.5
101.73486149695236,0.3419946242356673,2011-08-20 19:54,5.09576681663219e-07,34.75569922739105,-0.19396636592720284,,751.5,717.75
73.9701408969413,0.2883254335843958,2011-08-21 07:51,7.460240088758573e-07,-44.85790220401449,-0.1797676365977665,,717.75,776.0
92.60607880912721,0.31592269338434564,2011-08-21 20:47,5.052618851487219e-07,39.180878426628055,-0.2557889521022645,,776.0,719.5
17.417584343675117,0.2693230054428568,2011-08-22 08:47,9.120612684766467e-07,-57.43139867438457,-0.18103774103171588,,719.5,745.25
147.9949494824541,0.3262922176945722,2011-08-22 21:12,5.615358635526675e-07,50.25669644618967,-0.2774070306993721,,745.25,1435.0
136.8213255300725,0.48915061554968514,2011-08-23 21:07,9.007273655279765e-07,67.90977326919678,-0.23029800667050893,,1435.0,635.0
97.7319967782023,0.323366176977288,2011-08-24 07:42,9.757573335015648e-07,-42.11101976913781,-0.2659518255843203,,635.0,871.5
66.86994061255973,0.330568027755362,2011-08-24 22:14,5.134549321210867e-07,64.9889063106075,-0.19309469746036712,,871.5,610.0
76.66900827658537,0.29788006756280083,2011-08-25 08:24,9.204150336168746e-07,-55.0711144549636,-0.2587918914226037,,610.0,911.0
55.702949562582944,0.29926923030870967,2011-08-25 23:35,6.102374662419581e-07,60.0554844455217,-0.11273494831677766,,911.0,1508.5
93.12850832837285,0.4771294443586764,2011-08-27 00:43,1.355986363944971e-06,58.43719125434145,-0.006501946053955265,,1508.5,1486.0
84.55213917779474,0.4723803335655248,2011-08-28 01:29,1.4856133417641707e-06,54.28486687133809,0.11132378583917912,,1486.0,1674.5
54.58779080381646,0.480194052894755,2011-08-29 05:24,1.1714711950039532e-06,51.36346295174735,-0.19814926051114767,,1674.5,933.25
64.5652709875867,0.4041413933543178,2011-08-29 20:57,7.473302542201793e-07,-7.104737342607681,-0.19195464311835986,,933.25,655.25
81.60793354050838,0.324415860712179,2011-08-30 07:52,4.728068068365137e-07,19.05843633104173,-0.3757915627863291,,655.25,761.5
61.19317248034349,0.34598799696929444,2011-08-30 20:34,4.2243147521463424e-07,3.4710008098075513,-0.28880898576217473,,761.5,777.5
73.49588687175128,0.3355862252647057,2011-08-31 09:31,5.73147887508999e-07,0.9203940635929873,-0.3095700516818251,,777.5,646.25
155.7255015539704,0.3458370403095614,2011-08-31 20:17,4.803986874876661e-07,24.343088667623082,-0.2717816504235717,,646.25,869.75
111.24917984856438,0.3430036120310736,2011-09-01 10:47,5.654405007177013e-07,-1.173894501468793,-0.15696498316688245,,869.75,662.0
225.05821672904858,0.3351527850900311,2011-09-01 21:49,5.770269446912481e-07,13.848925781183452,-0.37007277917040593,,662.0,1379.5
53.848413476589485,0.4504152122923794,2011-09-02 20:49,9.224790386772888e-07,47.72368548365934,-0.17823953717395113,,1379.5,1375.0
37.02570285258844,0.4353476372343721,2011-09-03 19:44,1.3212345804927195e-06,56.77641637924774,-0.020487327875457595,,1375.0,1552.5
59.73177013689565,0.4616894516075263,2011-09-04 21:36,1.2307054146175631e-06,47.93761974538634,-0.06589778145422187,,1552.5,547.75
41.90665978218021,0.30552210029175814,2011-09-05 06:44,9.854947182885827e-07,-82.30778593537315,-0.1988193605893187,,547.75,853.0
59.85893848850537,0.33660612019108765,2011-09-05 20:57,5.041032986119e-07,43.98477676955172,-0.07857712885610724,,853.0,539.25
69.85057751524437,0.2887757991217465,2011-09-06 05:56,6.554186765592485e-07,-47.120221208007045,-0.43595740728683197,,539.25,916.25
57.437987708326546,0.3344928573690898,2011-09-06 21:12,5.516471207106381e-07,35.74234529872305,-0.12186619481866856,,916.25,535.0
52.78644051963056,0.2772903161191304,2011-09-07 06:07,6.504722198806848e-07,-22.08958630996295,-0.4923453110095668,,535.0,909.0
56.50941248313757,0.33245472714770585,2011-09-07 21:16,5.639957122104722e-07,29.875111927804532,-0.18155785681554804,,909.0,584.75
94.2338598769129,0.297101833440441,2011-09-08 07:01,6.920812799551323e-07,-20.56244693036689,-0.5204552373013769,,584.75,880.75
69.2251185839632,0.3140380206508174,2011-09-08 21:42,5.848118926659095e-07,20.703705711859456,-0.19662079202794125,,880.75,624.5
74.15362844945776,0.3071275304925318,2011-09-09 08:06,8.978793126098098e-07,-28.274447462519582,-0.5090905080555164,,624.5,783.75
145.5190902204049,0.3142800386898064,2011-09-09 21:10,5.876787058809938e-07,23.87097410750343,-0.24209248102965653,,783.75,690.0
179.13528237906576,0.33852335810176254,2011-09-10 08:40,8.908790939622295e-07,-21.79945894695105,-0.4622680978075664,,690.0,888.75
30.866932830285805,0.2466939623457923,2011-09-10 23:29,8.906407920963672e-07,-6.3879290442485415,-0.07135281025556495,,888.75,725.5
40.93741679771483,0.2811927706352435,2011-09-11 11:34,8.158843544329107e-07,-57.309688838848906,-0.13478226181650044,,725.5,1265.0
128.19580675073666,0.45701913642308983,2011-09-12 08:39,9.293842461444658e-07,10.50982149081354,-0.2898540954529052,,1265.0,783.0
2317.4962861236054,0.3417362268664874,2011-09-12 21:42,7.189000231157777e-07,-1.0359588647512117,-0.20954114061323592,,783.0,762.0
190.90504647143825,0.3361635492008645,2011-09-13 10:24,5.951595815049886e-07,-3.9977763048086223,-0.20170775868324942,,762.0,1630.0
53.884342287128675,0.45649704365738825,2011-09-14 13:34,1.636402175885208e-06,-0.6996308373285804,0.03868335370637366,,1630.0,1545.0
110.99021164827718,0.48526876433364424,2011-09-15 15:19,1.4261714863038662e-06,24.527885433524293,0.04924164430685529,,1545.0,1635.5
47.37869319429592,0.4881895136932144,2011-09-16 18:35,1.2735961098301837e-06,29.78841780919118,-0.16096757389826344,,1635.5,1464.5
90.14582144343876,0.5067242859562006,2011-09-17 18:59,1.0882989631318171e-06,36.10936243968775,-0.24548403363949944,,1464.5,725.75
58.483450565545354,0.3237860065807278,2011-09-18 07:05,1.1519720036616237e-06,-38.99356288679948,-0.06792439065591438,,725.75,719.75
60.217120419983985,0.3538124333523835,2011-09-18 19:05,3.5424590320871776e-07,49.097493306590636,-0.29874119670759214,,719.75,764.5
69.2443399370386,0.28880152873462067,2011-09-19 07:49,1.0189145528109982e-06,-47.542925018478805,-0.11444179704113111,,764.5,711.25
131.30174930545036,0.33839604822569525,2011-09-19 19:41,5.156404729807859e-07,54.003172251092835,-0.34234087829867477,,711.25,673.75
187.0513561265543,0.2909893302188721,2011-09-20 06:54,8.116911353911375e-07,-37.6636527564858,-0.20007644775756006,,673.75,778.5
106.8384731673359,0.3501961363411586,2011-09-20 19:53,5.282679141807229e-07,65.33539761925388,-0.3158727615425363,,778.5,1495.5
124.56449107459775,0.4756662923755357,2011-09-21 20:48,8.252706306702897e-07,59.32546366078431,-0.29125756681776593,,1495.5,584.0
123.52253899897914,0.3015881637693383,2011-09-22 06:32,6.113919605646499e-07,-31.70083845588789,-0.1743274907410104,,584.0,827.0
122.28798677348095,0.37024397040174034,2011-09-22 20:19,5.015242616720964e-07,65.40854146505275,-0.13425127345708887,,827.0,616.5
132.49095045874128,0.294421238132054,2011-09-23 06:36,6.221622228190661e-07,-32.544438804045214,-0.1904997265959203,,616.5,874.75
105.50667808460275,0.3423479258005197,2011-09-23 21:11,6.412992624465763e-07,45.58220316151078,-0.0661211776412145,,874.75,1666.75
58.31802978875203,0.4609300464944681,2011-09-25 00:57,1.5522045185296446e-06,31.400764859654384,0.06517130443778996,,1666.75,1155.5
124.58755497555103,0.43545410584677785,2011-09-25 20:13,9.939471458868091e-07,-7.828784210473658,-0.11181291305168228,,1155.5,611.5
170.21362573635997,0.35686010429053566,2011-09-26 06:24,4.520475054521375e-07,10.846026808889468,-0.32144660753095344,,611.5,767.5
81.08756620062195,0.34029589567702107,2011-09-26 19:12,6.004725001358229e-07,-6.424216625796331,-0.29572834063192577,,767.5,702.5
155.76422949594416,0.33076539237905916,2011-09-27 06:54,5.725321142698248e-07,22.34787615874014,-0.29185644578517334,,702.5,700.0
229.3339153236593,0.3566439921075168,2011-09-27 18:34,5.280657645721283e-07,18.255824960276545,-0.34028263331063435,,700.0,825.0
112.27952473207552,0.3311627362515234,2011-09-28 08:19,5.680737603264764e-07,16.350853239773546,-0.2645510802107225,,825.0,657.25
223.9783818595606,0.3769713614504629,2011-09-28 19:17,6.595236760158118e-07,23.44194725840505,-0.43674126043923955,,657.25,1135.0
42.931523267470766,0.33777786331969156,2011-09-29 14:12,1.1494099556238046e-06,27.501255856384844,0.27250959914887574,,1135.0,579.75
125.85438706537388,0.27114083763444796,2011-09-29 23:51,7.565504502073956e-07,-85.67376457762138,-0.30002425180101255,,579.75,1159.0
129.9200318037765,0.47294696866204805,2011-09-30 19:10,6.875558048043545e-07,63.795115552634286,-0.21045641732164455,,1159.0,1338.25
92.08212664056191,0.4629364213275646,2011-10-01 17:29,1.1664381512624305e-06,68.46625592929196,0.05086916198971636,,1338.25,1469.5
132.27809208670806,0.4885972613459065,2011-10-02 17:58,1.151342979349179e-06,62.782147729993824,-0.033698937844533816,,1469.5,584.75
81.22036963890423,0.3351304115203675,2011-10-03 03:43,9.94204531141467e-07,-67.24873333450796,-0.25943851368330684,,584.75,858.75
136.87642196138768,0.35701471051046,2011-10-03 18:02,5.42977288979756e-07,56.75372731151514,-0.12474871289991185,,858.75,577.75
176.48862666250352,0.34125780801696237,2011-10-04 03:39,5.82591762656067e-07,-31.111685213376106,-0.3449596991154049,,577.75,875.75
179.03782653542294,0.3506913588450213,2011-10-04 18:15,5.553118221558388e-07,51.79213398835311,-0.21598201286726137,,875.75,598.5
231.03484939721966,0.35845029935687006,2011-10-05 04:14,7.077220583879636e-07,-8.39849349821126,-0.3506378126839875,,598.5,870.75
174.84160636417073,0.3526548755859646,2011-10-05 18:44,6.249199752819393e-07,43.58535211741078,-0.28907832762772045,,870.75,640.75
233.407470628772,0.34838489891262725,2011-10-06 05:25,5.705275285549397e-07,-4.131696449965413,-0.39079741057193007,,640.75,840.0
655.4370120827298,0.32530262108775787,2011-10-06 19:25,5.655479572362244e-07,29.96578510485561,-0.337141687983042,,840.0,710.0
208.53847281632625,0.333278595993761,2011-10-07 07:15,7.317226015943549e-07,-22.46271570164222,-0.42605646279411147,,710.0,779.25
184.30073975512641,0.3146258379662565,2011-10-07 20:14,6.657816627581933e-07,11.363010040923474,-0.3487199197620443,,779.25,755.0
171.95298684098816,0.3040158704728431,2011-10-08 08:49,8.435789685807806e-07,-33.71057960683521,-0.3367968603566247,,755.0,840.75
57.482006654681754,0.24115143900659555,2011-10-08 22:50,9.133809805271973e-07,-32.309600325702995,-0.09943992513093036,,840.75,1233.5
179.6308763847992,0.47749152237762854,2011-10-09 19:24,8.069113618388125e-07,18.071788173985944,-0.2680384209469313,,1233.5,781.5
156.97410135406244,0.34691724821944564,2011-10-10 08:25,6.013784343081606e-07,13.134066021963505,-0.2393304348325076,,781.5,729.25
159.24214608494367,0.33033825940219685,2011-10-10 20:34,7.555847315417863e-07,-8.449100438571792,-0.3108138805626419,,729.25,1390.0
208.25355428125476,0.4604555987364923,2011-10-11 19:44,1.0559175631827202e-06,2.8575117511691257,-0.27132065225447866,,1390.0,1265.75
96.42455271743529,0.44537073428121704,2011-10-12 16:50,9.044588924147581e-07,30.024374664655294,-0.028299978829757322,,1265.75,1330.0
95.5192265774167,0.4763059986774654,2011-10-13 15:00,1.2802961421334715e-06,39.908948763204066,0.02018120117087463,,1330.0,1429.25
95.41367367943167,0.4972305499929159,2011-10-14 14:49,1.2802033387553332e-06,54.823552869010264,-0.0009773472958229945,,1429.25,1490.75
125.00982764882792,0.5017892440325037,2011-10-15 15:40,1.3172927866390573e-06,67.90783811398315,-0.07357863084584437,,1490.75,1469.25
115.26064988916914,0.5308875859967278,2011-10-16 16:09,1.1684055104526533e-06,79.08200091157379,-0.11212270676798397,,1469.25,1527.25
203.64499831586727,0.5187669119331986,2011-10-17 17:37,8.934695527902432e-07,75.00303190848673,-0.272091297665483,,1527.25,1417.75
128.9892420949036,0.5120757056574803,2011-10-18 17:14,1.035751486436738e-06,89.09296636179224,-0.1447037966501199,,1417.75,749.25
67.05231392406859,0.357051145969308,2011-10-19 05:44,1.086839719008176e-06,-35.535218576888504,-0.09384115615639743,,749.25,730.0
120.51978809322463,0.36832569688461564,2011-10-19 17:54,3.8952946393202374e-07,83.59921701618626,-0.14980902726986756,,730.0,670.75
146.60568093244365,0.33604169449730154,2011-10-20 05:04,5.367817643449079e-07,-29.986893796474995,-0.043878658664857184,,670.75,805.0
89.57248595252167,0.3538997605840753,2011-10-20 18:29,4.6671935462094913e-07,70.34564931787109,-0.12533747797620975,,805.0,758.75
162.66784689680208,0.3248890572916328,2011-10-21 07:08,1.0256705203132025e-06,-36.58259926095899,-0.0819669061313455,,758.75,750.5
98.64809457107185,0.33581915055886685,2011-10-21 19:39,4.747198919572856e-07,43.67633747419439,-0.14098951397597048,,750.5,1495.0
115.46669686860696,0.4602134074521018,2011-10-22 20:34,1.0153480650876484e-06,12.576553289979229,-0.08617304262661118,,1495.0,803.0
60.253256810392486,0.3225472106763239,2011-10-23 09:57,1.0621057676273389e-06,-26.31219340405749,0.09368714850412907,,803.0,1245.0
127.87209470567177,0.43184198333377327,2011-10-24 06:42,8.299833653381617e-07,-8.240897521641386,-0.15507249672737977,,1245.0,637.75
190.06126538508397,0.3563247782973728,2011-10-24 17:19,4.399203895910778e-07,8.407817781947363,-0.2903072549998944,,637.75,804.25
88.72464262265567,0.3327175058366265,2011-10-25 06:44,5.380813531392926e-07,10.302443197921788,-0.1695560524654791,,804.25,635.75
185.8733041043888,0.3581847172463313,2011-10-25 17:19,4.4875517262410257e-07,24.48913076413363,-0.38136768388721975,,635.75,905.0
139.68352670010063,0.35191682959945564,2011-10-26 08:24,6.246668594864452e-07,13.468348448417197,-0.13041525829830913,,905.0,594.25
249.69267035663506,0.3599865305635224,2011-10-26 18:19,6.727018851987871e-07,22.035382448726043,-0.5366598449993063,,594.25,1315.75
121.69950421150133,0.5023781977700613,2011-10-27 16:14,9.911399948866992e-07,82.14411673658533,-0.02922293904088491,,1315.75,1327.25
46.13192614127911,0.4391068946715677,2011-10-28 14:22,1.1517275647144994e-06,68.2967502624026,0.22685316203299521,,1327.25,497.75
151.25131091677758,0.34374879649355233,2011-10-28 22:39,7.899578843749163e-07,-77.20417864421198,-0.5502959650214478,,497.75,972.25
78.97157147850521,0.3606346362018182,2011-10-29 14:52,6.105928371120326e-07,71.26499692626125,0.15298518902535108,,972.25,542.75
181.48281298865186,0.3303376736099987,2011-10-29 23:54,9.468635949975047e-07,-77.50687629001924,-0.45116563433921186,,542.75,1000.0
145.35790316069324,0.3798146144399652,2011-10-30 16:34,5.940360284957424e-07,72.95406360877476,0.020050571622142854,,1000.0,527.25
144.18426412412373,0.29020391135903384,2011-10-31 01:22,8.454316443287276e-07,-72.7163679322832,-0.3410650249789384,,527.25,932.75
142.68037606372673,0.3557355579347738,2011-10-31 16:54,5.84116751033144e-07,62.02486709777082,-0.07956507608183472,,932.75,615.0
81.88560164206137,0.2796541770803742,2011-11-01 03:09,1.0025948709971447e-06,-66.73537832640733,-0.2668146994116327,,615.0,855.0
130.37434638397826,0.3269705486212236,2011-11-01 17:24,4.6521927947872837e-07,49.90222759227114,-0.1907217879069414,,855.0,674.25
151.8792835512795,0.2983970396744553,2011-11-02 04:39,9.012300403941309e-07,-56.3432819580053,-0.2667787423156618,,674.25,770.75
201.08807072607306,0.3279363706727357,2011-11-02 17:29,5.601452123108968e-07,44.91837674041129,-0.2797263328587434,,770.75,694.25
194.81300349511002,0.3225468016268375,2011-11-03 05:04,7.11632029488252e-07,-30.987590706328373,-0.30566763833263444,,694.25,769.5
176.10890387360996,0.3279414775267166,2011-11-03 17:53,5.55722218500763e-07,36.96443755490543,-0.34391347066478417,,769.5,818.5
175.00238831424213,0.30899925423242774,2011-11-04 07:32,8.893222041516641e-07,-43.447534945161046,-0.2198588071192944,,818.5,776.5
99.45446181849547,0.2877092753284766,2011-11-04 20:28,9.330483607978853e-07,-21.04193310547607,-0.30884748188219113,,776.5,1266.25
188.8531876173147,0.47784211398296367,2011-11-05 17:34,7.950434252061732e-07,40.21621615299224,-0.25604311975746086,,1266.25,820.0
126.68664513694239,0.36525352932706784,2011-11-06 07:14,6.32833823057426e-07,10.270811546701834,-0.22271496567872173,,820.0,670.75
189.13437393050117,0.3261362270374472,2011-11-06 18:25,5.96839987550194e-07,20.585310216388315,-0.3233950498676901,,670.75,886.5
129.12079345904203,0.3223412264099655,2011-11-07 09:12,6.746671497143379e-07,7.349938608227406,-0.153270278620679,,886.5,743.5
91.72239388975868,0.29975221056277707,2011-11-07 21:35,9.368017418272237e-07,-51.15376288476937,-0.2876476095843685,,743.5,1220.0
166.74799378146417,0.4755432066691962,2011-11-08 17:55,9.869657629276802e-07,20.639386708534655,-0.2345309628693375,,1220.0,1188.5
131.18372253051348,0.4204039006387272,2011-11-09 13:44,1.3326222914079925e-06,37.60009927134136,0.0447321459836445,,1188.5,1431.5
113.58316101890523,0.4824032710991257,2011-11-10 13:35,1.1933793659493089e-06,51.06190661992015,0.009856691546712426,,1431.5,663.0
31.58224704893655,0.28325817282893695,2011-11-11 00:38,1.0075060935306016e-06,-79.05716172143997,0.025229973165011188,,663.0,828.5
106.09043798300263,0.3603526323325544,2011-11-11 14:27,4.837958296726263e-07,63.48285498652043,-0.04024929387728449,,828.5,1442.0
78.6564680921947,0.4879508809438751,2011-11-12 14:29,1.0856966874347413e-06,75.33982287603706,-0.047250507518278084,,1442.0,723.0
34.40050068529672,0.28208864882374957,2011-11-13 02:32,5.663425068372963e-07,-69.2074834726989,0.08208838067739777,,723.0,796.5
123.49386615205731,0.3832515946220762,2011-11-13 15:48,4.914290096612119e-07,78.22248710775249,-0.1583459945979797,,796.5,1437.0
121.22438161259197,0.49318575499152456,2011-11-14 15:45,1.0742543066007906e-06,87.6210505770591,-0.12482496501807105,,1437.0,1464.25
113.87492698770075,0.5051489236939233,2011-11-15 16:09,1.1680898986997158e-06,89.25828321584454,-0.11772030993655136,,1464.25,1510.75
143.29287137494248,0.511605976925542,2011-11-16 17:20,8.89823128324813e-07,77.58575162197864,-0.2086398989334839,,1510.75,1424.25
135.03954127019824,0.5001558778070224,2011-11-17 17:04,1.027687000275726e-06,71.84015572097907,-0.08327392030722791,,1424.25,1492.25
121.31265125019127,0.4927738513263951,2011-11-18 17:57,9.690946192814297e-07,48.57203314578881,-0.11750117676963256,,1492.25,757.0
85.42224561606417,0.3552948474243749,2011-11-19 06:34,7.096799895414225e-07,-23.968558578417596,0.037433123247836875,,757.0,684.5
133.1249919279071,0.3422385162169424,2011-11-19 17:58,4.926584069501933e-07,23.599932815078713,-0.09649527041914929,,684.5,1030.0
62.607862256154476,0.35460935642186087,2011-11-20 11:08,1.2304679316596832e-06,8.602320676706615,0.1070478888344617,,1030.0,1490.5
34.08564533532626,0.44376591562953155,2011-11-21 11:59,1.560986709106367e-06,30.769925244455415,0.1041667169175895,,1490.5,1351.5
90.101678313913,0.4393698706505044,2011-11-22 10:30,1.5264540095401227e-06,31.33585472519825,0.1766301190822439,,1351.5,489.25
184.97618150548078,0.32460394845111296,2011-11-22 18:39,7.418717927514545e-07,-36.718924602754576,-0.46189119280730395,,489.25,1020.75
95.06219159502507,0.379673637173255,2011-11-23 11:40,8.120654146886254e-07,53.77916413057701,0.2106736927553996,,1020.75,595.0
59.06163672560069,0.2922528721634687,2011-11-23 21:35,7.327678541195076e-07,-108.01537422812729,-0.24651210581965444,,595.0,948.5
103.64155847870279,0.36707978051466245,2011-11-24 13:24,6.164874459510578e-07,80.2102078605757,0.18220261622788314,,948.5,1455.75
62.900105367734795,0.4513867110557233,2011-11-25 13:39,1.1274062868686354e-06,82.53496039294525,0.19717868271126093,,1455.75,500.0
148.50792642293527,0.3472115519301345,2011-11-25 21:59,1.0161629975988714e-06,-94.21594067874759,-0.5612435769052766,,500.0,954.25
87.63932281541202,0.35406547179930686,2011-11-26 13:54,4.917737210572895e-07,78.74655271269901,0.1672282443999933,,954.25,530.75
205.69222888436343,0.33790751796914265,2011-11-26 22:44,9.080618203156224e-07,-85.22270260763608,-0.553212565968245,,530.75,1030.75
92.65032578787213,0.3660149673475341,2011-11-27 15:55,7.070665021540823e-07,81.34667479647356,0.06026129590673435,,1030.75,513.0
115.34463471816707,0.28719544707564637,2011-11-28 00:28,9.074165623053686e-07,-96.36367313245148,-0.36883295789232307,,513.0,991.25
126.0827647680344,0.36059349911132205,2011-11-28 16:59,5.100241862756524e-07,65.56617414451357,-0.020258164370282827,,991.25,1420.75
115.245724640954,0.44944882484075305,2011-11-29 16:40,1.0402353399965698e-06,49.82195269833362,-0.09634712774488818,,1420.75,544.25
173.88226333965576,0.3127618098030022,2011-11-30 01:44,7.333066761757736e-07,-49.08703115714168,-0.29470141555138696,,544.25,850.75
122.80083167432167,0.35174835770158097,2011-11-30 15:55,5.170760706394616e-07,48.97402392391721,-0.18625080084272838,,850.75,659.25
172.90052434196696,0.3028824223535291,2011-12-01 02:54,6.780436290712205e-07,-34.38684014951112,-0.2173029517509626,,659.25,815.75
117.93600838216662,0.33592633904966834,2011-12-01 16:30,5.791870731099455e-07,40.05470832753147,-0.26674554674026396,,815.75,821.5
178.14163011702476,0.30988958159286994,2011-12-02 06:12,8.663576321091057e-07,-38.88919409254859,-0.1056088195573821,,821.5,687.0
211.44669739322126,0.31960810744203627,2011-12-02 17:39,6.030051488322349e-07,18.73396197626389,-0.3532515530099438,,687.0,1040.0
32.21664252374467,0.3115837756680169,2011-12-03 10:59,1.0419969887151501e-06,-0.06078965298056474,0.27690814595237967,,1040.0,1360.75
107.82810463708302,0.4314144394156756,2011-12-04 09:39,1.3609813455929313e-06,-6.165929509707934,0.03359216071015769,,1360.75,595.0
119.6781893591833,0.31507261578614515,2011-12-04 19:34,8.469439208334901e-07,-24.861137276595983,-0.39658699279691945,,595.0,842.25
131.80299739920883,0.31729151359953295,2011-12-05 09:37,6.845327676480826e-07,11.763313281601338,-0.049124263854605665,,842.25,1672.75
72.88523731112946,0.46682056396093685,2011-12-06 13:29,1.5506981394569181e-06,33.64779417223909,0.07054260091276987,,1672.75,1320.0
121.95165303528483,0.4565906918190497,2011-12-07 11:29,1.237314889501753e-06,42.96031129690555,-0.02737861389948648,,1320.0,565.0
169.3378506996669,0.3443632905497604,2011-12-07 20:54,9.308762623665513e-07,-52.30671440781018,-0.35965418889810863,,565.0,905.75
102.58060864252911,0.3650672705019436,2011-12-08 12:00,5.691401070375012e-07,56.90444270663227,-0.02923367361868401,,905.75,640.0
92.22879805685807,0.30370834019170917,2011-12-08 22:40,1.0409956131324435e-06,-80.76116206930996,-0.2096343202926647,,640.0,894.25
124.90325947499514,0.3641145113360835,2011-12-09 13:34,5.864366467746221e-07,66.28236664558567,-0.05047920414548912,,894.25,1458.75
104.85655545780901,0.48360617288562935,2011-12-10 13:53,1.061738670658077e-06,75.81739779854057,-0.056953111297296743,,1458.75,693.5
35.558469040224736,0.2841081142202408,2011-12-11 01:27,6.657739934469132e-07,-89.16424811641292,0.061322750083533606,,693.5,825.0
108.72899424095522,0.3711222859031598,2011-12-11 15:12,4.604733585306871e-07,77.29117087593248,-0.12495215839525287,,825.0,1418.5
71.17908648269804,0.47425992277082213,2011-12-12 14:50,1.0877129757045198e-06,84.80832683378546,-0.06513626950538054,,1418.5,633.5
75.62570724203397,0.28926441429454525,2011-12-13 01:24,1.022657085475774e-06,-79.61905356071152,-0.03788865010134401,,633.5,861.25
110.86456036820891,0.36450872997617506,2011-12-13 15:45,4.373271283148611e-07,81.05465885577733,-0.10732882654610876,,861.25,1443.75
86.31485144513135,0.4725081352662528,2011-12-14 15:49,1.1257030620900722e-06,76.35243513475723,-0.05689250764613263,,1443.75,1472.25
86.23871329124086,0.4840273427689681,2011-12-15 16:21,1.0949516229438835e-06,63.2318380193779,-0.055820213097074856,,1472.25,1423.5
100.67934115104435,0.4829605830309447,2011-12-16 16:04,1.181316801523565e-06,45.38002301679806,0.0021762931486577486,,1423.5,1099.25
69.28957907027325,0.36055504992691567,2011-12-17 10:24,1.1407901128517082e-06,6.14216443183355,0.08150899527110678,,1099.25,736.5
64.70957149310077,0.3267718540996106,2011-12-17 22:40,1.0355074400330806e-06,-26.144559556064902,-0.11772690769949001,,736.5,904.75
113.88483399248798,0.36787284780924284,2011-12-18 13:45,6.578135671381839e-07,18.31538523033843,-0.04849310705329479,,904.75,1255.0
93.7835618871577,0.42056115896897,2011-12-19 10:40,1.4661023855515753e-06,35.23250388664903,0.04105224091968651,,1255.0,1483.75
84.53053412926238,0.479429960854759,2011-12-20 11:24,1.5292072377952672e-06,53.3706337061703,0.04156264999788206,,1483.75,1441.25
94.73723123354085,0.4737347072858194,2011-12-21 11:25,1.193354265260695e-06,66.06047116514029,0.09609462020838322,,1441.25,508.75
105.50895446345913,0.3205487920124803,2011-12-21 19:54,1.0139115369245414e-06,-77.6898654637807,-0.40208686560983864,,508.75,955.0
105.10933482044493,0.36418783226448187,2011-12-22 11:49,4.286527612745385e-07,74.51141107504395,0.12998958307483122,,955.0,521.5
118.44966256507178,0.3202873552193826,2011-12-22 20:30,9.027605520831964e-07,-85.85403716146331,-0.49983938512514214,,521.5,983.5
92.85896981040423,0.3501350460574031,2011-12-23 12:54,5.365429937965106e-07,82.54778384138733,0.1383560029918698,,983.5,521.5
80.95914267332773,0.2977419343830358,2011-12-23 21:35,9.517705308099985e-07,-100.64452577181532,-0.4973702836017182,,521.5,993.5
67.06041505596659,0.35676209274727927,2011-12-24 14:09,6.865657498740135e-07,86.07923301870818,0.1254967820826991,,993.5,565.0
99.6334453374584,0.3049655455033644,2011-12-24 23:34,8.950713385699957e-07,-127.10349292285605,-0.24688671845428445,,565.0,1021.5
133.97382081129763,0.40457571700729505,2011-12-25 16:35,7.953671771334191e-07,84.89789235157855,-0.03296106842468305,,1021.5,1343.5
61.210739789312356,0.4371176244142892,2011-12-26 14:59,1.1645323064628742e-06,63.16543952062194,0.08998801595085837,,1343.5,507.25
165.96011285811983,0.3313652212333788,2011-12-26 23:26,8.654677794133005e-07,-66.07684202473116,-0.48683465795743786,,507.25,980.0
99.50176967295192,0.35821329114454176,2011-12-27 15:46,6.057492626450944e-07,48.6368218609081,0.028071540040230047,,980.0,548.5
105.95412077385845,0.2732603615634919,2011-12-28 00:54,8.532831702407103e-07,-68.24515799214456,-0.3200327158585381,,548.5,929.25
124.23370109796451,0.35296972350624856,2011-12-28 16:24,5.596139014397892e-07,32.176268143089494,-0.05163426228462242,,929.25,1385.0
110.08827309440676,0.4591922403512096,2011-12-29 15:29,1.0001275566085038e-06,30.175777820056776,-0.15615978328581548,,1385.0,771.25
29.19544562948431,0.284962566254156,2011-12-30 04:20,1.0062753874368953e-06,-40.85251058572775,-0.03743712904529772,,771.25,745.25
116.68275315465507,0.33267364861482446,2011-12-30 16:45,5.394146791596965e-07,13.631397340537834,-0.22933656846847938,,745.25,1340.75
99.25377754898363,0.4550604370548778,2011-12-31 15:06,1.0299482086003855e-06,35.64871131807345,-0.14418508720946832,,1340.75,928.75
73.39581033226568,0.37451444088073915,2012-01-01 06:35,7.572858601621236e-07,4.552443834750098,-0.0444086432614359,,928.75,625.0
133.52320477473404,0.3166212633746909,2012-01-01 17:00,4.671459019300784e-07,12.944125820821526,-0.2846801722662349,,625.0,880.0
108.15290411923343,0.34215574125846615,2012-01-02 07:40,6.690789345228764e-07,22.54758163207821,-0.07200566428744537,,880.0,625.0
200.962242143587,0.30900343988105305,2012-01-02 18:05,6.301188557634115e-07,-4.188873690717731,-0.33902295498879265,,625.0,900.0
131.36674394578222,0.35539820936295047,2012-01-03 09:05,6.720541646862471e-07,34.67657618159879,-0.09414731783034114,,900.0,795.0
186.8572252652848,0.2967370617164609,2012-01-03 22:20,3.57300396622934e-07,-77.78797259093643,-0.1018931549421751,,795.0,990.0
48.831734742070694,0.3558125677227508,2012-01-04 14:50,1.1384279268792308e-06,33.48273890555249,-0.037047195055667004,,990.0,1205.0
112.47437615866974,0.4369863197339741,2012-01-05 10:55,9.252051517437748e-07,55.69241192633447,-0.09972183790228684,,1205.0,630.0
78.33805537915396,0.31952758508123225,2012-01-05 21:25,1.0700281119563889e-06,-65.84579947106369,-0.3222609184544467,,630.0,885.0
116.2517532009042,0.34900003233876004,2012-01-06 12:10,6.322703197071116e-07,61.94593288794014,-0.08315393435652041,,885.0,1525.0
84.99580076861093,0.4965173298672501,2012-01-07 13:35,1.2009799371019222e-06,66.53570222235408,-0.0770565635573277,,1525.0,1435.0
72.19687839256949,0.4771114164686878,2012-01-08 13:30,1.1602041516198912e-06,74.7175579812012,-0.03902212910141145,,1435.0,615.0
110.65198595588299,0.3307794843931333,2012-01-08 23:45,1.1054540333425883e-06,-90.77465940397782,-0.1540397497257544,,615.0,875.0
99.1691750575228,0.36035264510671067,2012-01-09 14:20,5.678085622293682e-07,75.87485861145207,-0.023795398656510258,,875.0,1470.0
88.76984023178011,0.48161225004150765,2012-01-10 14:50,1.2650121058689674e-06,72.7853587783047,0.005376398767673152,,1470.0,580.0
89.51961116021266,0.3049845762094871,2012-01-11 00:30,1.1268346454404965e-06,-82.21417005082199,-0.10978900041681072,,580.0,895.0
98.21892800740898,0.36202812755558017,2012-01-11 15:25,5.788743602697079e-07,64.06517104980932,0.024026423836282618,,895.0,1435.0
72.52632721812915,0.44886193889882026,2012-01-12 15:20,1.2862801783992292e-06,47.6643136637692,0.0702646266795881,,1435.0,725.0
21.706291496539052,0.2790757875991403,2012-01-13 03:25,1.0425240210708843e-06,-50.54570711069469,0.16692694522013696,,725.0,825.0
93.47383490803622,0.36047223121083033,2012-01-13 17:10,5.257720328512435e-07,30.774272946164977,-0.009637641461507584,,825.0,1230.0
47.87775970364237,0.39738738549203845,2012-01-14 13:40,1.523795614393519e-06,6.129943984811543,-0.009307883831635166,,1230.0,1305.0
139.70904301888368,0.4446447652166667,2012-01-15 11:25,1.4217639270721363e-06,17.1431362227275,-0.09486517506177883,,1305.0,1325.0
103.57286191822574,0.45753441031080333,2012-01-16 09:30,1.2047077590985306e-06,38.232143168150934,-0.011968895452319828,,1325.0,560.0
165.42538110048554,0.30744434741306276,2012-01-16 18:50,8.319512206005887e-07,-42.53461840802055,-0.11310572176282108,,560.0,915.0
119.00888987650184,0.36991730090019037,2012-01-17 10:05,7.802391705810059e-07,50.78752742857963,-0.015103216763669991,,915.0,1430.0
102.85759221884126,0.48903014942929574,2012-01-18 09:55,1.2014480778860173e-06,59.88694951768474,0.022594995558300468,,1430.0,500.0
188.00603670735654,0.3142830945289461,2012-01-18 18:15,6.691914494846452e-07,-43.22664410471791,-0.41002362510968027,,500.0,970.0
126.39315046784759,0.38452980631105177,2012-01-19 10:25,6.573670314585261e-07,64.23377292331476,0.037245555149887366,,970.0,565.0
67.01241596287218,0.30819146538124187,2012-01-19 19:50,1.062221214858855e-06,-72.11442858164312,-0.45731930315066194,,565.0,1015.0
69.43446735143715,0.3666101340918844,2012-01-20 12:45,6.96443656488613e-07,70.91948747540434,0.06756139138769868,,1015.0,1450.0
63.48965756771081,0.4525993181186178,2012-01-21 12:55,1.2317749625087284e-06,66.41477264897595,0.11532514928084225,,1450.0,520.0
93.81700473046294,0.3164044171232187,2012-01-21 21:35,9.991245467768556e-07,-86.29826776585875,-0.5171985322661499,,520.0,995.0
80.95455432200238,0.36932779402228666,2012-01-22 14:10,7.104223153187448e-07,65.13875902962131,0.14821674745272162,,995.0,1450.0
59.05622385928423,0.44220608814397233,2012-01-23 14:20,1.3699382896132718e-06,50.94024273768639,0.15412313658459098,,1450.0,515.0
125.59362541833252,0.3254003232650575,2012-01-23 22:55,9.781601820769315e-07,-72.23673414311128,-0.47528538408702303,,515.0,1095.0
112.25422525938484,0.41018362214196136,2012-01-24 17:10,1.135921330767769e-06,55.21406215947285,0.06730508088239517,,1095.0,1205.0
61.390870898308506,0.40908032141636463,2012-01-25 13:15,1.5060822168398306e-06,20.54042915802441,-0.04321691165901953,,1205.0,565.0
139.1504655771496,0.3298664238463971,2012-01-25 22:40,5.182862782094021e-07,-14.889109818994012,-0.36353977039740304,,565.0,940.0
105.82435218373575,0.3289459193959677,2012-01-26 14:20,9.281239944713285e-07,12.169554868874531,-0.05044486789925973,,940.0,726.75
77.51805981244615,0.2835299605843223,2012-01-27 02:26,1.0679201945299919e-06,-42.44782040993825,-0.047032741492849084,,726.75,988.25
125.61158227632404,0.35968041833499836,2012-01-27 18:55,1.1472187046585655e-06,-2.5768416726285466,-0.0005448340027198739,,988.25,1185.0
69.9835622885621,0.4091190407634713,2012-01-28 14:40,1.4456375963115861e-06,10.040489446635375,-0.11737704415985828,,1185.0,1270.0
81.20957508917854,0.41976456545429147,2012-01-29 11:50,1.158969760343299e-06,19.000948811588223,0.023076482969035084,,1270.0,1205.0
128.67528087697792,0.43862353030757123,2012-01-30 07:55,1.1708070348030412e-06,22.144629569423632,-0.07057276899541876,,1205.0,615.0
153.196370295027,0.3305488407689457,2012-01-30 18:10,6.013670801952324e-07,-19.66917397699244,-0.2524546540914301,,615.0,845.0
97.8159478566522,0.3588135581012466,2012-01-31 08:15,5.948096949746728e-07,35.3498963512727,-0.13771997104836586,,845.0,655.0
178.43522211072923,0.31784687925634597,2012-01-31 19:10,6.940593896293859e-07,-32.34770581879376,-0.2996796191440758,,655.0,815.0
114.56687583960957,0.35486863534363994,2012-02-01 08:45,5.536233093012476e-07,46.809440216329826,-0.1771521582350104,,815.0,635.0
219.18730269175285,0.3426683121288079,2012-02-01 19:20,7.31924481377077e-07,-30.84298285581691,-0.3311736155331033,,635.0,840.0
142.92166457697022,0.3444749344222752,2012-02-02 09:20,5.887012402460798e-07,55.66375840949439,-0.18785189618645148,,840.0,845.0
51.43284804693394,0.26725358938710997,2012-02-02 23:25,3.167068481978439e-07,-83.26253486570714,0.030517941526824188,,845.0,1015.0
96.5625407380503,0.42557440891929826,2012-02-03 16:20,5.862780171440014e-07,20.019439278339675,-0.11966891401864466,,1015.0,1100.0
135.35060190888544,0.42708808413590305,2012-02-04 10:40,7.071436111968197e-07,64.3058375240361,-0.1245954492955832,,1100.0,610.0
111.74647405348878,0.3219582853344036,2012-02-04 20:50,1.063217209991193e-06,-51.06427467403526,-0.35308437664959413,,610.0,935.0
120.52809817332673,0.3688486305133362,2012-02-05 12:25,5.9288476354958e-07,59.983979507233,-0.06353066873678159,,935.0,1510.0
90.83693135016802,0.4719040793206659,2012-02-06 13:35,1.1500014831567563e-06,60.851381012094684,0.000620499820985998,,1510.0,580.0
39.93623576985556,0.28796483013866236,2012-02-06 23:15,1.0454890504243363e-06,-83.21140361839431,-0.15410179457662565,,580.0,945.0
106.75292157748117,0.3725401095750082,2012-02-07 15:00,7.012289143611314e-07,61.15592126080237,0.02339187737253212,,945.0,1365.0
54.79443564434405,0.4306548342453122,2012-02-08 13:45,1.6126808489602724e-06,41.16087581752077,0.15953084628621994,,1365.0,660.0
44.82156909944024,0.2933222173936277,2012-02-09 00:45,1.018436102458e-06,-72.3594491951908,0.023469701998891424,,660.0,945.0
116.52689267239111,0.3829742105250868,2012-02-09 16:30,7.290725839022753e-07,45.33612123288812,0.09041589358206181,,945.0,1025.0
119.28413719189848,0.3993861910178869,2012-02-10 09:35,8.16489821640441e-07,1.759274625873127,-0.13938682195427066,,1025.0,715.0
140.8283372893493,0.3297970043786336,2012-02-10 21:30,5.33298582987584e-07,-2.83279567972631,-0.28310433767438803,,715.0,760.0
154.07416235957498,0.31577272913515725,2012-02-11 10:10,5.634547490023769e-07,1.6199850079738711,-0.20964681080328884,,760.0,955.0
76.63909906488698,0.29195986687166925,2012-02-12 02:05,1.1351915512480715e-06,-18.90396021680211,0.12016369287567663,,955.0,1700.0
62.00420545665111,0.49331971819871495,2012-02-13 06:25,1.3818692519244043e-06,41.42098044738639,0.11211829106067128,,1700.0,1560.0
101.11217085403041,0.5128758928525107,2012-02-14 08:25,1.2855070436986792e-06,53.10442823004664,-0.034700205926704086,,1560.0,695.0
56.600663971239555,0.31617158698645653,2012-02-14 20:00,1.1325187950042157e-06,-67.16651730405788,0.006383453087515534,,695.0,815.0
108.15566698065595,0.370713069937968,2012-02-15 09:35,5.669543630714565e-07,53.68835861116052,-0.06105049751008451,,815.0,710.0
39.33572847841788,0.2762159379926743,2012-02-15 21:25,1.0838054173263681e-06,-85.88572615417586,0.059332420532406616,,710.0,810.0
134.2069506001545,0.34446142690086906,2012-02-16 10:55,6.544185021204275e-07,50.547616189923005,-0.028022513856772235,,810.0,1420.0
118.58362460636272,0.45392405449820217,2012-02-17 10:35,1.0915716715602635e-06,46.767517891731956,-0.014921830748040321,,1420.0,495.0
131.69947448832318,0.30308685184960876,2012-02-17 18:50,8.819428918463813e-07,-33.41787294882793,-0.5185537877093189,,495.0,945.0
107.36200784724133,0.36241922278956434,2012-02-18 10:35,6.357661037599948e-07,38.695541339463695,-0.03494789275551469,,945.0,560.0
127.22064413273984,0.3271346120115292,2012-02-18 19:55,1.0355216561811808e-06,-41.6887976752154,-0.561159756423482,,560.0,965.0
130.30918173099053,0.33445299173520954,2012-02-19 12:00,9.932738397663515e-07,28.9059482863105,0.06765026528076845,,965.0,620.0
41.48675178937992,0.27841006992336287,2012-02-19 22:20,1.037210482692685e-06,-87.95144140999966,-0.3524609338497555,,620.0,1140.0
114.8051115205999,0.446683052238465,2012-02-20 17:20,7.01529177632387e-07,57.59688149541946,-0.08202385341192198,,1140.0,960.0
65.57289973219667,0.36721395516360644,2012-02-21 09:20,7.161987925336485e-07,26.841516153824234,-0.17220779755758642,,960.0,635.0
189.1629778514107,0.3382716674362503,2012-02-21 19:55,6.27557758880575e-07,25.360332165441672,-0.37490272644761546,,635.0,830.0
121.60180157332434,0.32429698000487406,2012-02-22 09:45,5.870659310681799e-07,17.56082167832924,-0.17784120032088246,,830.0,715.0
189.8449015496044,0.33016510810314986,2012-02-22 21:40,6.725750573311967e-07,-2.056379938728675,-0.36987039682050804,,715.0,825.0
179.0159872273034,0.2946742701436354,2012-02-23 11:25,8.762134667744351e-07,-3.386160691429696,-0.16039655645227824,,825.0,850.0
52.88524982455783,0.2755092616183295,2012-02-24 01:35,1.0600128468386444e-06,-34.19977368584256,-0.016135769924680687,,850.0,1390.0
125.68308416772197,0.4495386707446111,2012-02-25 00:45,1.5840234937958842e-06,-9.83931020695108,-0.06251959172755406,,1390.0,1785.0
101.22007398043934,0.5152280933374035,2012-02-26 06:30,1.5118551912768602e-06,19.497090442432928,-0.005023234998512649,,1785.0,1540.0
161.56092606692255,0.49513592061945627,2012-02-27 08:10,1.2160098857051014e-06,19.738494055045138,-0.12242991261129355,,1540.0,1385.0
114.78548406130358,0.49386493776061496,2012-02-28 07:15,9.602979548689935e-07,38.12416879509095,-0.18017487464394222,,1385.0,635.0
102.94137950702861,0.3462731872059521,2012-02-28 17:50,6.05639163224425e-07,-24.60342442788918,-0.17749419398363742,,635.0,776.75
101.57045220565124,0.3641198469995288,2012-02-29 06:46,3.898492081322943e-07,58.76231678417221,-0.17702296978827192,,776.75,668.25
129.69680560476263,0.3431559182621034,2012-02-29 17:55,5.133601680177285e-07,-19.169147912310454,-0.21599336612309372,,668.25,810.0
110.09946288464562,0.362017188660199,2012-03-01 07:25,5.300753252031869e-07,65.49968973359785,-0.21495653161333195,,810.0,655.0
153.17550190760812,0.3415463887358783,2012-03-01 18:20,5.55134595709783e-07,-18.668534448890277,-0.2445174366541547,,655.0,825.0
99.83285409462042,0.3475300575082656,2012-03-02 08:05,5.595428496013648e-07,68.12494302208492,-0.22289803133202213,,825.0,665.0
214.1195482726289,0.3336757612002354,2012-03-02 19:10,7.821363177460518e-07,-27.406100534800697,-0.2802544292311353,,665.0,840.0
113.66741457612079,0.3465986342683512,2012-03-03 09:10,5.705826944369728e-07,61.049977964336534,-0.22289120066069046,,840.0,666.75
201.24753612362838,0.31903119526153506,2012-03-03 20:16,1.0031291472127448e-06,-43.48222355226547,-0.2858530247281337,,666.75,833.25
148.5632957027172,0.33974194186686707,2012-03-04 10:10,6.431106122033406e-07,52.488241640671106,-0.16261922069695345,,833.25,1535.0
104.84781092802223,0.47747889882642386,2012-03-05 11:45,1.2905220365746234e-06,40.77837562385984,-0.05181777502419038,,1535.0,1515.0
55.632959729537106,0.4751548176767149,2012-03-06 13:00,1.5789496735333717e-06,36.187366831037174,0.0742876149783136,,1515.0,1410.0
40.20680774702421,0.45189701037915336,2012-03-07 12:30,1.72485317160965e-06,14.933378784992296,0.17013833896743158,,1410.0,565.0
101.36338281375753,0.2990222450409254,2012-03-07 21:55,9.713470839200912e-07,-44.65744409837395,-0.23070792656364958,,565.0,1255.0
112.4136247147544,0.4662901675037574,2012-03-08 18:50,8.030850790949048e-07,30.35898079751091,-0.2489793434018175,,1255.0,730.0
113.69773378573882,0.3622350393682912,2012-03-09 07:00,4.3925918493901944e-07,16.626807538760808,-0.19506657910922165,,730.0,761.75
109.95239148098335,0.34130185557053966,2012-03-09 19:41,5.362936660168109e-07,25.817512391139296,-0.2098658298951861,,761.75,698.25
133.54668595206022,0.3525320819171611,2012-03-10 07:20,5.110419611215063e-07,28.187430217989718,-0.24442601263759656,,698.25,855.0
83.53961955261184,0.34031748115376104,2012-03-10 21:35,6.08908018891104e-07,8.49701128761993,-0.1744421164814769,,855.0,655.0
179.84931873719688,0.33607009107314906,2012-03-11 08:30,5.296230207931776e-07,25.89938298516724,-0.3542226414401135,,655.0,1350.0
110.84668771487486,0.48718246721061104,2012-03-12 07:00,1.030122468647603e-06,59.58182317681663,-0.06864824689957771,,1350.0,1355.0
74.54707745198903,0.45445042286398046,2012-03-13 05:35,1.4297037138145453e-06,60.174999970215396,0.08905753957163043,,1355.0,1500.0
105.6599092988472,0.49853240929951426,2012-03-14 06:35,1.1829493906924684e-06,61.67720314881423,-0.01684444777086469,,1500.0,595.0
93.12779942272755,0.34320672957983334,2012-03-14 16:30,1.1216069056401915e-06,-58.15551666849659,-0.24313629294573857,,595.0,880.0
76.01804841438769,0.36057403387332504,2012-03-15 07:10,4.78845078243662e-07,55.877253748464305,-0.09336206097280453,,880.0,605.0
139.61021348372014,0.3233079577112221,2012-03-15 17:15,1.0439612854247236e-06,-46.07988749263007,-0.35022731125059536,,605.0,860.0
87.17768370604972,0.3423464193304729,2012-03-16 07:35,5.386663594083245e-07,47.62462044637726,-0.16315626859876176,,860.0,620.0
220.41280549556177,0.3451122937913169,2012-03-16 17:55,8.860018543813826e-07,-32.309523923956796,-0.4311727979564868,,620.0,865.0
114.77050927735036,0.3346903993345525,2012-03-17 08:20,5.811480266228136e-07,33.50299020674428,-0.2145732596261567,,865.0,610.0
246.6750101188121,0.33085978205516847,2012-03-17 18:30,7.867023836491981e-07,-18.033581007599626,-0.4716434531971636,,610.0,845.0
132.36920268736537,0.32589555860878056,2012-03-18 08:35,6.242274567485431e-07,24.689009405646512,-0.26103780218598693,,845.0,660.0
208.19220979193315,0.3303241173482754,2012-03-18 19:35,8.715663429165164e-07,-21.178915852829668,-0.48715627397908356,,660.0,880.0
172.85920459847893,0.31458068518920546,2012-03-19 10:15,9.361274515350546e-07,-4.485538389036148,-0.172410417893897,,880.0,685.0
77.59586030485728,0.28861957826302387,2012-03-19 21:40,1.001073837202303e-06,-50.4241180246799,-0.3560692996609838,,685.0,1285.0
176.6609857854862,0.47512178216394124,2012-03-20 19:05,8.238837296267778e-07,29.82839458819331,-0.26664570186998304,,1285.0,755.0
114.28267070572474,0.35838357633474516,2012-03-21 07:40,5.876858308199978e-07,24.810348516819634,-0.1952772483098535,,755.0,765.0
151.13509051687288,0.3534095385063362,2012-03-21 20:25,5.973739225414363e-07,17.753007939039207,-0.2813288250362991,,765.0,750.0
157.6480056914079,0.3231624388790806,2012-03-22 08:55,6.576674145686252e-07,2.1873789585476895,-0.2744442587021556,,750.0,830.0
164.13988103412768,0.3151219595244832,2012-03-22 22:45,7.442823660434332e-07,-3.0105267339571093,-0.18941052680377735,,830.0,1760.0
76.24253305284418,0.49751079467188736,2012-03-24 04:05,1.9079184014922084e-06,18.92802600180311,0.10194458873269419,,1760.0,1385.0
76.15337576140354,0.4823278798033822,2012-03-25 03:10,1.6142270953060564e-06,28.506814115915553,0.053032116476947166,,1385.0,1470.0
95.925266596572,0.5119684661648617,2012-03-26 03:40,1.3453367938421466e-06,45.40094904146483,0.005557208599494601,,1470.0,1475.0
114.82783700181409,0.5013331536452328,2012-03-27 04:15,1.328864910871147e-06,59.938682029914034,-0.047633554202356265,,1475.0,1510.0
143.56316627112392,0.5343758398217191,2012-03-28 05:25,1.1149996184583384e-06,66.78776891126928,-0.16649919763125354,,1510.0,855.0
98.70251512553295,0.36584727065443684,2012-03-28 19:40,7.108961417160268e-07,-46.056373889189004,-0.0504097099447911,,855.0,650.0
128.42565937611653,0.3473707744875962,2012-03-29 06:30,4.721734314060622e-07,65.77786679537756,-0.27222843090009974,,650.0,791.75
115.00331807694238,0.3381116467862739,2012-03-29 19:41,7.975834736032875e-07,-47.39339335386246,-0.14202278873177576,,791.75,678.25
122.10527723385894,0.3434266419814473,2012-03-30 07:00,5.000697009097004e-07,69.02244590207758,-0.2866257202719922,,678.25,770.0
160.50646285324547,0.3445647907768337,2012-03-30 19:50,7.365446584119697e-07,-45.236568696128046,-0.18777177709532467,,770.0,705.0
128.74298694599764,0.3406529695917429,2012-03-31 07:35,4.770173071550124e-07,66.6182372059129,-0.2731122515571798,,705.0,725.0
173.7498500054128,0.33870354695351457,2012-03-31 19:40,6.995737448761659e-07,-38.03617738457617,-0.1951199440659508,,725.0,755.0
141.25619524986675,0.34407443391550757,2012-04-01 08:15,5.165687108583553e-07,57.17511361404532,-0.231228279396273,,755.0,795.0
119.80360753294504,0.3104692643735854,2012-04-01 21:30,1.1016432034562612e-06,-50.04042572402248,-0.0981450513828186,,795.0,755.0
165.8214390723945,0.3181820380639031,2012-04-02 10:05,5.582236079782501e-07,29.230860138356405,-0.17517652752610857,,755.0,1385.0
125.34364960285365,0.4692347005792809,2012-04-03 09:10,1.0376818201516008e-06,20.328047908149177,-0.07144167306654658,,1385.0,640.0
179.20790595034885,0.3336410639643542,2012-04-03 19:50,5.532700455101015e-07,-26.57351919064439,-0.16080392462851023,,640.0,930.0
92.96996159846127,0.3344691989001479,2012-04-04 11:20,1.2024717540810369e-06,-5.493707334080779,0.09600955223253704,,930.0,1105.0
147.62428955496446,0.44487520797305147,2012-04-05 05:45,7.198695256068898e-07,10.274476347527115,-0.19356350280604762,,1105.0,790.0
118.89583634134561,0.3521716431185434,2012-04-05 18:55,5.414822342183718e-07,12.585657168023495,-0.21705352929144883,,790.0,675.0
177.12467048372756,0.3223768354007255,2012-04-06 06:10,5.872764958795898e-07,16.29103121077311,-0.3294723928294667,,675.0,870.0
130.6957943100133,0.3363616539414083,2012-04-06 20:40,5.924062405975032e-07,7.068139060639939,-0.1931038870401145,,870.0,655.0
197.57927661071088,0.3338288847245911,2012-04-07 07:35,8.709124503809047e-07,0.15358834728748938,-0.5180080575750978,,655.0,1300.0
119.52778027752753,0.49135616931545717,2012-04-08 05:15,8.201317880597362e-07,70.0729917604233,-0.08038505714971933,,1300.0,1360.0
83.25123734738472,0.4808217235946689,2012-04-09 03:55,1.4689131177629633e-06,69.86451053824774,0.18827106112836134,,1360.0,1475.0
97.26237567133715,0.4894170750657478,2012-04-10 04:30,1.2908834583589411e-06,73.05748877036957,0.12354134789566018,,1475.0,535.0
74.44682235027854,0.31023379166039045,2012-04-10 13:25,1.115648842952124e-06,-85.27955325828971,-0.27398976769835315,,535.0,945.0
118.31363859828343,0.3801453353492737,2012-04-11 05:10,5.05455697557525e-07,69.71911490866147,0.031535773130542566,,945.0,1470.0
104.1147381078256,0.48572620461610233,2012-04-12 05:40,1.1009984303359777e-06,60.716772968749254,-0.06738013991038372,,1470.0,545.0
168.4969419291817,0.32002092628813855,2012-04-12 14:45,1.0087834002353342e-06,-38.74828859973704,-0.32021365913854893,,545.0,890.0
115.08418770013536,0.3696745945198927,2012-04-13 05:35,4.7585396904424123e-07,55.11423717836893,-0.15860546455154179,,890.0,610.0
184.51319131733644,0.3271044199937023,2012-04-13 15:45,7.467248415609983e-07,-21.302930165074812,-0.3207359273324162,,610.0,880.0
80.98029511418645,0.32939887814912555,2012-04-14 06:25,6.042334990017255e-07,41.01587812624278,-0.26369801602130494,,880.0,672.5
106.41430294293968,0.31176544687574886,2012-04-14 17:37,6.001537573239181e-07,-26.23621618158082,-0.37229903674969833,,672.5,813.0
113.53165981799975,0.32329349976498634,2012-04-15 07:10,5.706080183631197e-07,24.724424932981368,-0.3374754539233429,,813.0,712.25
127.2050212391332,0.31634635556838475,2012-04-15 19:02,6.768647508596653e-07,-27.48277368944066,-0.376453620315397,,712.25,772.25
119.6403987006488,0.31044012169216084,2012-04-16 07:55,6.905682359801773e-07,6.658726031433165,-0.3740165737735519,,772.25,700.0
185.62547416743737,0.33353455218391237,2012-04-16 19:35,6.468195989014037e-07,-11.799300659387129,-0.35404571195551426,,700.0,735.0
235.01318303149674,0.3154888855594133,2012-04-17 07:50,8.463590184213014e-07,7.2464265059973565,-0.38816763642019225,,735.0,800.0
214.06158550431428,0.3232324881779884,2012-04-17 21:10,7.701816069685783e-07,-16.62912230449582,-0.26049647106496465,,800.0,1400.0
150.68612516031862,0.4781221761683507,2012-04-18 20:30,9.293082386499606e-07,14.562425625633498,-0.22699289859947047,,1400.0,655.0
174.48428152488222,0.3429093923927708,2012-04-19 07:25,6.825813487415881e-07,10.661661919989578,-0.3139623455123459,,655.0,895.0
158.24235948585158,0.33088011544102547,2012-04-19 22:20,7.175161556738804e-07,11.799448863379217,-0.1284906337978109,,895.0,765.0
104.50884457150427,0.31239832648266613,2012-04-20 11:05,1.0709950270911827e-06,-59.97561932985545,-0.18171931999906832,,765.0,1096.75
173.44122034259271,0.44410857020799693,2012-04-21 05:21,8.749754277419716e-07,33.05303323181094,-0.0872937572725121,,1096.75,1283.25
100.66615828491194,0.4625601094036635,2012-04-22 02:45,1.0862751851491858e-06,42.86890053734278,0.025260263844685937,,1283.25,1465.0
85.79646231812148,0.49633460839928983,2012-04-23 03:10,1.2572576298455847e-06,55.149518942882345,-0.02636533821272735,,1465.0,1460.0
110.85009821994225,0.5118078789726662,2012-04-24 03:30,1.1980350445748106e-06,66.04329734155405,-0.07001639184061759,,1460.0,710.0
26.358302221970835,0.3061215754582504,2012-04-24 15:20,9.8106579874466e-07,-55.83170780883806,0.03754249627822759,,710.0,785.0
92.04483327891053,0.36499443973827345,2012-04-25 04:25,4.897624238387072e-07,71.08978302966753,-0.1601810535257968,,785.0,1440.0
118.25372922953896,0.5064284820903346,2012-04-26 04:25,1.146981549016952e-06,81.47775635629644,-0.14335095877444815,,1440.0,1450.0
82.12224973224114,0.5047417195561469,2012-04-27 04:35,1.0918991131660305e-06,86.96729500030426,-0.10421675241544648,,1450.0,945.0
159.58138762707347,0.3510899064845448,2012-04-27 20:20,9.360407913913594e-07,-46.71841256195421,0.02685078432109833,,945.0,630.0
335.7279258034528,0.33477638378495944,2012-04-28 06:50,5.3119597555763e-07,60.77901845550375,-0.3338808927369534,,630.0,1395.0
129.03410631520356,0.4890806657442061,2012-04-29 06:05,9.343721851818233e-07,71.06016366337309,-0.14821881757762867,,1395.0,905.0
131.38369619945297,0.35073893884255086,2012-04-29 21:10,1.1597247182177025e-06,-36.48975610871797,-0.012692312566858988,,905.0,640.0
319.07602711235813,0.33111112235055773,2012-04-30 07:50,4.653027270443399e-07,40.05671981275495,-0.22662108883647392,,640.0,1360.0
108.23390955132345,0.4655059360287851,2012-05-01 06:30,9.658479890228797e-07,30.00312721429948,-0.06291058304495856,,1360.0,790.0
139.83823115025734,0.354487289590179,2012-05-01 19:40,6.383281165949505e-07,-17.079210342211333,0.0032126354265979984,,790.0,770.0
151.53432376667544,0.3245623027085623,2012-05-02 08:30,6.913924442202551e-07,-10.308205401096796,-0.0896401829283544,,770.0,1200.0
133.0636678769555,0.45184651829185896,2012-05-03 04:30,9.174521714868576e-07,13.606104489706816,-0.1990812992748845,,1200.0,920.0
125.26638455065205,0.3683575984931932,2012-05-03 19:50,7.817212452125577e-07,0.8622854109818168,-0.021528121900876718,,920.0,595.0
188.08597068461742,0.31082689409165387,2012-05-04 05:45,5.711831426218558e-07,2.1973161613974486,-0.4161990734259682,,595.0,1295.0
105.74472543766288,0.48649033840047196,2012-05-05 03:20,1.0764830139858747e-06,67.90082959625987,-0.07402077873227597,,1295.0,1325.0
37.810679384916014,0.4389637266761962,2012-05-06 01:25,1.566493034251874e-06,65.3599296428525,0.2533672488386003,,1325.0,535.0
60.495597225896994,0.30431447746179235,2012-05-06 10:20,1.0524329837554397e-06,-106.17855192497083,-0.3698396980550456,,535.0,941.75
63.135769985039424,0.3590049009177495,2012-05-07 02:01,5.249969135371896e-07,73.98029277445005,0.2409247774591492,,941.75,598.25
50.041254817829625,0.3047006055739158,2012-05-07 12:00,9.041967513912011e-07,-124.06465370253146,-0.19752716997761155,,598.25,1005.25
123.02895997156156,0.4076879266887607,2012-05-08 04:45,6.80195751456107e-07,92.12492628873004,0.010195852738640099,,1005.25,1384.75
71.76337989561117,0.4547135718748905,2012-05-09 03:50,1.0694183129631017e-06,76.37009434398651,0.09872928455496321,,1384.75,495.0
175.15365117541066,0.32665505100951786,2012-05-09 12:05,8.845655996949928e-07,-64.6971069621302,-0.48054109502871256,,495.0,970.0
100.68293077373131,0.3676971161039546,2012-05-10 04:15,5.114898785934961e-07,64.48529692997336,0.002246709074803732,,970.0,550.0
120.77493684858464,0.30494917650304904,2012-05-10 13:25,1.0254896460112982e-06,-57.63438277590179,-0.3790396192787604,,550.0,920.0
126.58640336559488,0.3561372744549193,2012-05-11 04:45,5.490493949462739e-07,51.58551992330214,-0.11453677511744687,,920.0,570.0
185.90931067782302,0.3005892194130204,2012-05-11 14:15,7.719124631146072e-07,-36.09689043082447,-0.31923591949385255,,570.0,900.0
128.3537061174469,0.3500925485198174,2012-05-12 05:15,5.888878021937812e-07,39.17528844549768,-0.22948307705524584,,900.0,810.0
49.50830121217719,0.2995073839794548,2012-05-12 18:45,1.0996650948267866e-06,-66.20820802626697,-0.06759434349110194,,810.0,695.0
172.7392924308978,0.30365378834010864,2012-05-13 06:20,5.566468508820441e-07,16.665640292434826,-0.3215723755042852,,695.0,1350.0
139.93623360670674,0.48763793919881043,2012-05-14 04:50,7.980939333386317e-07,46.76856682421762,-0.2660773510387848,,1350.0,820.0
115.1850516580188,0.3612799753424373,2012-05-14 18:30,6.416619470182283e-07,-8.837248066197226,-0.24419930897290865,,820.0,680.5
156.5616494168882,0.32182917022146285,2012-05-15 05:50,5.838755087452839e-07,29.139474872957223,-0.3537061137497073,,680.5,849.5
125.76835165269917,0.33393078020890243,2012-05-15 20:00,6.390737004807247e-07,-2.5826233703364787,-0.1960455219734154,,849.5,671.75
162.50843310690306,0.299999167772264,2012-05-16 07:11,7.998463501097049e-07,-1.7666670718959874,-0.4225732519334311,,671.75,868.25
125.0479068069531,0.31503905763383955,2012-05-16 21:40,6.585981493597857e-07,5.566337438965612,-0.10267352417718678,,868.25,1840.25
86.0687756632251,0.536613115662476,2012-05-18 04:20,1.3851434678363916e-06,37.386826216645616,-0.055189956272187146,,1840.25,1174.75
82.65039372297575,0.42783721299863164,2012-05-18 23:55,1.2546375878546934e-06,36.33615018080384,-0.004533146074834349,,1174.75,665.25
107.83520130072826,0.3317089006966192,2012-05-19 11:00,1.162970876417201e-06,-75.90289370267477,-0.1792836035318075,,665.25,877.25
88.25505252589541,0.37064300799234345,2012-05-20 01:37,5.113274340629824e-07,50.54129679648057,0.0005839870784996037,,877.25,1462.75
91.31504755347454,0.4897744289165447,2012-05-21 02:00,9.513670163490083e-07,61.32015203420593,-0.027965600985261574,,1462.75,604.75
71.22609238642326,0.31635540655538946,2012-05-21 12:05,1.102209363962329e-06,-77.47333449779771,-0.13180228376269554,,604.75,875.25
310.48092651368114,0.38977776062992314,2012-05-22 02:40,5.00969995937408e-07,68.93402925230826,-0.06805006165820515,,875.25,1546.5
207.17509622390605,0.5094934170113199,2012-05-23 04:26,9.32426075860505e-07,63.21522559834034,-0.19044606285078558,,1546.5,1383.5
100.31580298191165,0.49893365355885844,2012-05-24 03:30,1.2088613031254457e-06,79.27513210825101,-0.12236408087370165,,1383.5,584.75
101.32831151618369,0.32408428854647686,2012-05-24 13:15,9.897206551736768e-07,-56.208873688599404,-0.08314891298027405,,584.75,885.0
107.26631240370229,0.3963462496890729,2012-05-25 04:00,4.830236061978865e-07,80.32380475846061,-0.1404872587462549,,885.0,1510.0
113.33441235812974,0.4908684159957126,2012-05-26 05:10,9.948665481308035e-07,70.04430915395098,-0.22363573342141052,,1510.0,1400.0
120.16951517562451,0.5023345761265691,2012-05-27 04:30,1.2719071347988146e-06,71.51550234713017,-0.0592242251821915,,1400.0,1465.0
95.70019750525138,0.4868969853930387,2012-05-28 04:55,1.0884324246129354e-06,55.34674688431027,-0.03843257726987659,,1465.0,1225.0
27.548083266533055,0.398208657837875,2012-05-29 01:20,1.2854908607243278e-06,13.740525738723965,0.1453428886507444,,1225.0,1495.0
89.18015949955257,0.4772355224651454,2012-05-30 02:15,1.5723081564987924e-06,15.086632929590943,0.0027230828334632307,,1495.0,1290.0
100.10003754375661,0.44918501378957776,2012-05-30 23:45,1.5928195607517128e-06,30.213336658864932,0.022983204864917894,,1290.0,1575.0
92.6552907248234,0.5182713019127153,2012-06-01 02:00,1.2256646236734124e-06,46.47341708726428,-0.13899787152324805,,1575.0,1200.0
43.827729447888984,0.42385988831731747,2012-06-01 22:00,1.55144406440938e-06,45.00560952330008,0.18141809278428767,,1200.0,486.75
57.44943972817882,0.2832151430378541,2012-06-02 06:06,8.400557230229273e-07,-18.057350344246633,-0.5345057078812001,,486.75,1058.25
55.88144643730299,0.38608669585135597,2012-06-02 23:45,6.89558313741652e-07,68.67923052504142,0.20889207608351512,,1058.25,565.0
51.4633022203634,0.3110340193300296,2012-06-03 09:10,1.042837917715435e-06,-98.73607424665748,-0.4238189758285884,,565.0,975.0
54.526938748154365,0.3613331771021793,2012-06-04 01:25,4.795754630742877e-07,87.19119206409529,0.18736639847428904,,975.0,582.5
26.133761002135792,0.30098897076624614,2012-06-04 11:07,1.0537653598834126e-06,-129.37238093638965,-0.21172251334097325,,582.5,1027.5
114.83736875190516,0.40390437447984534,2012-06-05 04:15,6.842777607695464e-07,97.71880131129599,-0.05926449052250149,,1027.5,1350.0
55.88785808616773,0.44333441013639624,2012-06-06 02:45,1.2121825659737984e-06,78.49877489580564,0.148830975625728,,1350.0,507.5
48.60255400310218,0.330901707469655,2012-06-06 11:12,1.0391637165465904e-06,-78.99796775938934,-0.5477735914166288,,507.5,997.5
66.34546040909878,0.36781558707430534,2012-06-07 03:50,5.241176711284369e-07,66.85318521701497,0.08007459206884704,,997.5,491.25
90.89064436600232,0.29137765462721954,2012-06-07 12:01,8.310903023995516e-07,-63.913514895830644,-0.4844297384644314,,491.25,938.75
78.96861140356287,0.34758224636210466,2012-06-08 03:40,5.87289077676483e-07,48.17705481717813,-0.02233050030785222,,938.75,552.5
117.95256279732381,0.29934275629983115,2012-06-08 12:52,8.340105830856132e-07,-47.56157107077615,-0.38836256506720446,,552.5,917.5
85.72334977013683,0.3443570983998308,2012-06-09 04:10,6.355950657537259e-07,34.10924262315553,-0.13636863831030155,,917.5,617.5
68.26595267253155,0.2673575854516292,2012-06-09 14:27,8.778102027291373e-07,-42.68581092788703,-0.263788448180982,,617.5,842.5
88.44098571607901,0.327953527570935,2012-06-10 04:30,5.599287364272152e-07,25.216587419852832,-0.24327204739229558,,842.5,1405.0
104.40026405202661,0.4737343651038827,2012-06-11 03:55,8.882188850895951e-07,36.711475969883736,-0.2617232147688071,,1405.0,890.0
55.009125713397225,0.3316560235747602,2012-06-11 18:45,9.288088350275909e-07,-22.52029449160452,-0.07683824942385797,,890.0,640.0
130.59530848656868,0.2998957823147066,2012-06-12 05:25,4.904243117189297e-07,12.547344148334194,-0.366172908797993,,640.0,890.0
71.86586370081932,0.3384433793311473,2012-06-12 20:15,6.334242456877561e-07,-4.619312855831069,-0.04514666583835725,,890.0,628.0
101.0333080159835,0.2705374894518172,2012-06-13 06:43,6.939618968942102e-07,-13.302222770582894,-0.4076146330828996,,628.0,967.0
121.40842034860543,0.32555096395954025,2012-06-13 22:50,8.851506226312993e-07,13.7254639367614,0.07057904289033079,,967.0,1490.0
95.49565836825786,0.4603326944692526,2012-06-14 23:40,1.4414679203197778e-06,27.435201798085902,0.03248910808695449,,1490.0,1435.0
133.77783487272245,0.46697626601089726,2012-06-15 23:35,1.2236552340731983e-06,40.39686318474448,-0.030225064379017397,,1435.0,550.0
125.46222944047622,0.32356194920430426,2012-06-16 08:45,1.004922993908618e-06,-48.17442607846122,-0.3770959531177773,,550.0,883.0
103.11816977829585,0.33438642286055253,2012-06-16 23:28,5.514664714041131e-07,54.06570157876979,-0.05097330428186453,,883.0,622.0
44.36147312356479,0.2877770870458335,2012-06-17 09:50,1.026424132522753e-06,-65.51108872486414,-0.31918328210225155,,622.0,950.0
75.38877738590963,0.3585403261589818,2012-06-18 01:40,5.902509976110009e-07,58.77421214377041,-0.05176514250540265,,950.0,1490.0
68.18649058208393,0.49794933313678486,2012-06-19 02:30,1.0521959191760937e-06,63.716842489127416,-0.07823388527281594,,1490.0,1487.5
52.462814368154795,0.4628422373032663,2012-06-20 03:17,1.0190448302724682e-06,65.31660171521392,-0.11207751006270428,,1487.5,567.5
50.45458929000597,0.3143617588764755,2012-06-20 12:45,1.0551231786361921e-06,-82.11588483435416,-0.10868799456851974,,567.5,860.0
78.13358098690514,0.3591258071796296,2012-06-21 03:05,5.092942346399655e-07,70.6357039185647,-0.09891583133100568,,860.0,660.0
31.258175661666126,0.2744900553823552,2012-06-21 14:05,1.0895217823869322e-06,-77.8047708392833,-0.0035867651028951286,,660.0,845.0
71.99435884503328,0.34665831890306437,2012-06-22 04:10,5.305561891597127e-07,64.50348577456073,-0.15275538920165133,,845.0,1415.0
82.03417360666936,0.47103726720670236,2012-06-23 03:45,9.603106866453692e-07,66.55022250964704,-0.09006936496292184,,1415.0,673.25
11.513834272976965,0.26391477496363225,2012-06-23 14:58,1.0367585986533584e-06,-55.8059930680445,0.03814158868009798,,673.25,836.75
88.65263600978506,0.3565912642952753,2012-06-24 04:55,4.507161958952404e-07,53.09540976964837,-0.14243631959709901,,836.75,1400.0
66.4689546051377,0.4647533999173902,2012-06-25 04:15,1.2755697921670567e-06,45.012034993004995,-0.03029860278332208,,1400.0,1410.0
67.22696503729094,0.46690113260992805,2012-06-26 03:45,1.333246031017387e-06,25.97012636174402,0.0188137614820878,,1410.0,1215.0
30.571911725142854,0.38463467270485124,2012-06-27 00:00,1.3835967351273945e-06,12.985960861374915,-0.025742119436222843,,1215.0,1335.0
90.83094752898614,0.4390604481333867,2012-06-27 22:15,1.3487524782397204e-06,33.45385635989028,-0.024701467525535037,,1335.0,680.75
21.57977113701054,0.29644864646252245,2012-06-28 09:35,1.1347506862136492e-06,-42.609193899035816,-0.02905125534649855,,680.75,834.25
88.5497803579783,0.33044690620736217,2012-06-28 23:30,5.113076577535828e-07,50.10767867159813,-0.0635488821413226,,834.25,1425.0
82.88966866652481,0.4536883362743538,2012-06-29 23:15,1.299597543926375e-06,67.73686702872588,0.02503005704239314,,1425.0,1455.0
48.231981946431915,0.4540620608662721,2012-06-30 23:30,1.226548678268269e-06,77.06170146687201,0.09309193050079045,,1455.0,522.5
41.43587639641191,0.2999473247356946,2012-07-01 08:12,1.0139828948044525e-06,-83.21596364047272,-0.410376883750061,,522.5,972.5
57.17798676106031,0.3640486723743379,2012-07-02 00:25,4.860122553219483e-07,83.09793484417013,0.12402151048408427,,972.5,680.0
46.77503260431695,0.2844808511872543,2012-07-02 11:45,3.821697598144498e-07,-125.55790547941193,0.10715852782961832,,680.0,935.0
87.7877304427384,0.36643041457282377,2012-07-03 03:20,6.535206371296905e-07,92.08261238956896,-0.04132733661393928,,935.0,1375.0
52.997566382575314,0.44730224774684757,2012-07-04 02:15,1.1748337219716446e-06,77.18666326448455,0.16031747917161,,1375.0,535.0
54.0166405303753,0.32982804108178243,2012-07-04 11:10,1.0871949724006888e-06,-105.1284607922096,-0.4206349562298186,,535.0,980.0
57.34766060166294,0.35442468301043845,2012-07-05 03:30,5.723287823408441e-07,68.09778485526378,0.1400652536647513,,980.0,500.0
107.8606326852314,0.29500566906062886,2012-07-05 11:50,8.294999521289645e-07,-90.43605394446523,-0.4160438214601143,,500.0,1045.0
81.34293181783869,0.3674154365842696,2012-07-06 05:15,8.216581688195467e-07,55.197736860487076,0.07513527861722835,,1045.0,1330.0
47.76080478897347,0.42342060678638516,2012-07-07 03:25,1.5396299015232313e-06,24.3858239770476,-0.005472905045596832,,1330.0,530.0
141.69400295216474,0.29388950289285276,2012-07-07 12:15,4.761425653424811e-07,-33.14618081100667,-0.34256702502764824,,530.0,890.0
55.25558131039725,0.3151409388927277,2012-07-08 03:05,7.165675839265729e-07,17.287347942602917,-0.13960778424716835,,890.0,690.0
86.1234110794685,0.265825484492234,2012-07-08 14:35,8.267777892196247e-07,-37.61544395418786,-0.14780942235391947,,690.0,849.25
63.06164113151317,0.3104037391283782,2012-07-09 04:44,6.065124830035815e-07,-1.7105714641622292,-0.1849299440136919,,849.25,1323.75
85.75629009265685,0.46660134418634697,2012-07-10 02:48,1.0109906258746466e-06,27.315779368039305,-0.1882131014704047,,1323.75,1039.5
72.16478668726631,0.36574308905401265,2012-07-10 20:07,1.1119711061788388e-06,3.6632395644275437,0.048625448533430315,,1039.5,611.75
63.22149926811835,0.2791279038909124,2012-07-11 06:19,7.875049024883523e-07,-24.30834709583356,-0.30821140689917925,,611.75,918.75
75.60590928217425,0.3262944710586453,2012-07-11 21:38,6.388283684533324e-07,17.38940491718079,0.01803914789705452,,918.75,624.5
32.94952918508352,0.2639638849766925,2012-07-12 08:02,9.630305811055454e-07,-52.33664219963817,-0.27576481780823414,,624.5,868.25
103.53227454865555,0.3156514247559244,2012-07-12 22:30,6.542014824163218e-07,26.636147376516856,-0.02716370217662245,,868.25,1461.75
55.538226204960665,0.4547459045832511,2012-07-13 22:52,1.0803383929452428e-06,36.529488702739215,-0.07543586476911912,,1461.75,560.0
40.287392799677036,0.2871719630958978,2012-07-14 08:12,9.268020515401451e-07,-46.13394497860331,-0.36953213613047353,,560.0,875.0
92.3208438450165,0.3288179578928975,2012-07-14 22:47,7.080706929137847e-07,49.38692151001291,-0.10927785708650362,,875.0,732.5
35.89162158088584,0.2726511550426949,2012-07-15 11:00,6.646200141904784e-07,-86.97588535564468,-0.10567095041841412,,732.5,1108.75
61.74988087334592,0.4116298105832862,2012-07-16 05:28,9.420571716146932e-07,21.93533917135425,-0.22884927194718152,,1108.75,1176.25
36.02316836867734,0.3896391586103063,2012-07-17 01:05,9.035215434821535e-07,56.8678985413183,-0.06667680093087469,,1176.25,1603.0
58.49507360383411,0.4723474907722058,2012-07-18 03:48,1.1539708296581095e-06,51.41696820015361,-0.1086576744997565,,1603.0,1407.0
43.74059808465972,0.4583790625911206,2012-07-19 03:15,1.1904376501590587e-06,58.64811170336674,-0.0706085409348951,,1407.0,585.5
27.928853388839343,0.2912536099659822,2012-07-19 13:00,1.1368980021860364e-06,-84.29769850163281,-0.023000806843050725,,585.5,862.75
346.9539012902387,0.3481795227678958,2012-07-20 03:23,5.35237964940937e-07,58.24549709224222,-0.0489742459790925,,862.75,661.75
16.172363559700898,0.2426335648575332,2012-07-20 14:25,1.0162613802412646e-06,-71.89394911711194,0.11453703975779916,,661.75,905.75
44.65945641770668,0.3427221692050807,2012-07-21 05:30,6.046176907060485e-07,43.36299934719528,-0.15332490262888498,,905.75,1296.25
79.5772284629129,0.44862384390338167,2012-07-22 03:07,1.33137517028613e-06,42.13512162341898,0.040229599047105324,,1296.25,596.75
137.30047727778583,0.2748348311870359,2012-07-22 13:03,8.419554416076353e-07,-51.06581705907617,-0.018889702832769473,,596.75,888.25
97.67338152807497,0.35389602947301074,2012-07-23 03:52,6.152562300998106e-07,28.194470331799813,0.033787304773168714,,888.25,1350.25
32.68057331977616,0.4191655836281522,2012-07-24 02:22,1.5735200390567482e-06,5.8468519758106074,0.04232786469076322,,1350.25,1305.0
31.577994585750275,0.4075611896405462,2012-07-25 00:07,1.4966328897315116e-06,2.5260748077666135,-0.09743655916876937,,1305.0,1270.0
155.8768424430309,0.447116914394428,2012-07-25 21:17,1.1496101627491375e-06,35.73106436708523,-0.08166338261166217,,1270.0,1506.0
43.59083608727815,0.45192962807777803,2012-07-26 22:23,1.1342150509161517e-06,46.02404421163379,-0.1169800565025767,,1506.0,1418.75
138.40320386250824,0.4879500210469511,2012-07-27 22:02,1.0293769862492488e-06,61.68005359348038,-0.04137047526358373,,1418.75,1512.25
54.04499087224394,0.437040763941089,2012-07-28 23:14,1.2721632158346317e-06,67.24341718372497,-0.02218806159876152,,1512.25,537.0
29.06430918523256,0.30510319146560505,2012-07-29 08:11,9.941515736792113e-07,-84.64627214819353,-0.2877924994721184,,537.0,959.5
58.33058280786645,0.33521912616076105,2012-07-30 00:10,4.7101884923222716e-07,70.47994337405915,0.03310058549543271,,959.5,1527.5
26.74961642758717,0.44632409716238425,2012-07-31 01:38,1.2238158647998665e-06,73.1918008522084,0.07097793568856048,,1527.5,510.0
16.779583075731352,0.29714902909957647,2012-07-31 10:08,1.0676716749670843e-06,-108.43528111805738,-0.2957624510813588,,510.0,936.0
71.81687397056521,0.36539537135104183,2012-08-01 01:44,5.32188438927152e-07,64.15531985347425,0.1572837145713173,,936.0,1390.0
46.41197416574869,0.41654394871632877,2012-08-02 00:54,1.5138558494963853e-06,37.59282259430808,0.12864260331172162,,1390.0,520.0
189.0205830429113,0.3491082021064358,2012-08-02 09:34,9.815158156701379e-07,-41.945868876024505,-0.5791987905946492,,520.0,1175.0
90.25913648667483,0.42186041274787084,2012-08-03 05:09,7.786312397300368e-07,58.256716640053305,0.07069818021257745,,1175.0,1112.75
40.36317725236586,0.3616305987185721,2012-08-03 23:42,8.673943828461144e-07,15.133665964412902,-0.13157674967381805,,1112.75,613.75
92.90044394925644,0.3155402291061667,2012-08-04 09:55,5.872757236499185e-07,-0.8911496814189883,-0.38556513478939225,,613.75,810.0
59.504574543352646,0.2993144381325692,2012-08-04 23:25,5.762458104299454e-07,17.96658089872669,-0.15457823377558988,,810.0,736.75
85.85288485337514,0.3168335006776033,2012-08-05 11:42,4.5721610551166705e-07,-17.461127135535037,-0.24549034468235398,,736.75,839.5
63.87316976659349,0.28800705874649185,2012-08-06 01:42,7.732821446507953e-07,-0.02523520469374478,-0.14031309305822587,,839.5,847.5
30.923030183075753,0.2739548771981693,2012-08-06 15:49,1.0065629071468694e-06,-16.469216056144464,0.04373197603299772,,847.5,815.0
75.11324344817695,0.3175601375745221,2012-08-07 05:24,6.938115089325248e-07,-22.5662006787208,-0.05858074296489946,,815.0,1215.5
12.216074036827195,0.37289134374586863,2012-08-08 01:40,1.3639740546195594e-06,12.129017756328258,-0.11754936285596163,,1215.5,1041.25
67.2443943026592,0.391879204986617,2012-08-08 19:01,7.97439488060081e-07,25.070295095932078,-0.053694299270935275,,1041.25,640.0
98.04229940057849,0.30974791187909434,2012-08-09 05:41,5.298608759961794e-07,-24.447221687492057,-0.24166365329057982,,640.0,878.0
66.87906405914691,0.32831532782875,2012-08-09 20:19,5.571630603645409e-07,31.59700110076099,-0.12484493818382703,,878.0,641.25
83.02384712903586,0.2823744194000028,2012-08-10 07:00,6.988611552043723e-07,-39.010679486125646,-0.2850213459171158,,641.25,847.75
83.36339685405255,0.3301751679042354,2012-08-10 21:08,5.706025781802278e-07,36.641748836770184,-0.16872637324723883,,847.75,640.0
20.226718906662427,0.252684729086468,2012-08-11 07:48,9.487326775267983e-07,-47.37736365753937,-0.3156265509098297,,640.0,853.5
77.72469360081595,0.3099602298287209,2012-08-11 22:01,5.803483002660185e-07,39.092248277285776,-0.17902590849391586,,853.5,1466.5
60.33966551577032,0.45982929521705956,2012-08-12 22:28,7.946083684083892e-07,45.208239970861555,-0.17528727826222124,,1466.5,562.5
76.78155963095196,0.29693712043226694,2012-08-13 07:50,9.453702909957416e-07,-33.830438478634505,-0.3670633000356247,,562.5,895.5
85.37012252464774,0.3324791738647036,2012-08-13 22:46,5.83283698534113e-07,50.96370332103448,-0.14811271858735964,,895.5,635.5
28.12855756591307,0.27874239858356303,2012-08-14 09:21,1.022213257532536e-06,-59.5757030342654,-0.3235036825036737,,635.5,1067.0
39.510500446369406,0.3384470356919337,2012-08-15 03:08,1.2548895018663419e-06,37.96849036283824,-0.054607093571522825,,1067.0,1337.5
40.442812503286405,0.40773696382530034,2012-08-16 01:26,1.1800886701187931e-06,46.553739319190655,-0.011907646931977212,,1337.5,611.0
32.570728604419855,0.2867638201452792,2012-08-16 11:37,1.076905655658082e-06,-76.65880992256035,-0.08987224271926664,,611.0,971.5
79.98256185686841,0.3635089748931932,2012-08-17 03:48,6.216268168122176e-07,46.31976983410467,-0.04178265074609655,,971.5,1392.5
20.684180135285715,0.4218615666759433,2012-08-18 03:01,1.5529465002436282e-06,42.20746257665288,0.07286999970508035,,1392.5,1408.75
20.472155286042835,0.42278083266864996,2012-08-19 02:30,1.614077699618854e-06,24.215160690828455,0.15000359416744935,,1408.75,803.75
34.95002574753016,0.292824094867683,2012-08-19 15:53,3.615825118679044e-07,-14.05481998798238,0.22404039692255306,,803.75,972.0
53.17644018921783,0.3578553414918133,2012-08-20 08:05,8.494578382924448e-07,9.98825323221421,-0.20648055287918243,,972.0,789.0
70.22932275712083,0.3376161614782177,2012-08-20 21:14,5.25396514832508e-07,3.4536619612486232,-0.19062039818599752,,789.0,875.25
70.43450090246552,0.3288063949876232,2012-08-21 11:50,7.01388821001243e-07,-20.06733733254936,-0.022389479089827802,,875.25,705.0
80.01868918503533,0.2723743535025278,2012-08-21 23:35,6.69987136276175e-07,-18.156609531043483,-0.20553447499357347,,705.0,1269.75
63.69986822424835,0.4418157393592992,2012-08-22 20:44,9.571006060037564e-07,37.075644489597806,-0.18033395305610966,,1269.75,1408.5
38.134824949702306,0.4585710343963001,2012-08-23 20:13,1.2711888728534777e-06,53.95593809150952,-0.09508723492469073,,1408.5,735.5
32.15395543957129,0.2952041629080971,2012-08-24 08:28,1.1037665953131902e-06,-54.157356327624285,0.06966922186105151,,735.5,788.75
79.6650273980049,0.33655806915097247,2012-08-24 21:37,5.012292747928979e-07,52.363100163132735,-0.12673324466267033,,788.75,1465.0
60.285912541512516,0.46529995487071574,2012-08-25 22:02,1.208990779082902e-06,53.65750464925503,-0.0733312168192235,,1465.0,550.0
31.260832914231287,0.277995529351756,2012-08-26 07:12,1.0289953674197502e-06,-72.92739462234664,-0.2744799790349788,,550.0,893.25
84.00726058720466,0.3478966130351182,2012-08-26 22:05,4.203832943193398e-07,49.94903086883383,-0.029806982316326724,,893.25,532.5
48.92415735252143,0.2647719320957549,2012-08-27 06:58,9.566746302110977e-07,-54.17407459335182,-0.4383200286062703,,532.5,1000.0
1192.5605713863843,0.29115343603189103,2012-08-27 23:38,9.195180787047449e-07,42.164547050698076,0.06647161150440795,,1000.0,1455.0
38.25088104709721,0.41799299624108244,2012-08-28 23:53,1.5654331756860188e-06,29.684648963465122,0.10400772267747804,,1455.0,519.25
23.191888184919662,0.27656104412744753,2012-08-29 08:32,1.0243847968639556e-06,-51.55152161116651,-0.513994089906916,,519.25,895.75
86.50344173893245,0.2925344909672276,2012-08-29 23:28,8.709025559439204e-07,11.28839608217751,0.02691027614727659,,895.75,625.0
37.10857841593679,0.29460092217777856,2012-08-30 09:53,1.0568644245380096e-06,-63.27751818217578,-0.41390362342833953,,625.0,1261.75
53.86749278040952,0.4229081838372319,2012-08-31 06:55,6.228360068694314e-07,38.82675035727071,-0.2854164445770344,,1261.75,860.75
76.38777901885987,0.3669585125244339,2012-08-31 21:15,5.813557053025157e-07,14.12579587908796,-0.2223988406062931,,860.75,695.0
104.6030095162132,0.2990892578285032,2012-09-01 08:50,5.773912987487526e-07,11.483548350747819,-0.3543376599353074,,695.0,771.75
105.88570897496538,0.31333994503559853,2012-09-01 21:42,5.551153961836861e-07,7.3193239697410055,-0.2283806652228475,,771.75,797.5
108.04830888941069,0.30140410342331353,2012-09-02 11:00,6.978323318113427e-07,-11.99490744570577,-0.23856330318966723,,797.5,779.25
37.40368173348543,0.2566066096769646,2012-09-02 23:59,8.404859453294069e-07,-20.220329778304762,-0.17083641839989738,,779.25,1293.25
155.23931508012538,0.4570742573341704,2012-09-03 21:32,9.148807081726089e-07,11.340417795962368,-0.15165642925649525,,1293.25,1297.5
44.45670219050953,0.4061342818895355,2012-09-04 19:10,1.0156466911103664e-06,22.62357146223703,-0.028467811161341672,,1297.5,1428.5
79.01960350405716,0.4726062204281334,2012-09-05 18:58,1.1908826029379671e-06,28.41214511042289,-0.09308563697550376,,1428.5,1494.0
73.72710026254936,0.47659748210571706,2012-09-06 19:52,1.0238054839627736e-06,28.39853505011312,-0.173621811031623,,1494.0,663.25
44.103522776422324,0.29740891499386635,2012-09-07 06:55,9.462745529404494e-07,-44.483248016651004,-0.1318221029202178,,663.25,756.75
87.9867819658466,0.3447948688262841,2012-09-07 19:32,5.218258990128963e-07,42.046538522427,-0.23051694045980753,,756.75,692.25
73.45576772473578,0.2975260838187144,2012-09-08 07:04,6.176595235503105e-07,-43.92068302255743,-0.22285084963102975,,692.25,803.5
88.0037966990858,0.3347569822508376,2012-09-08 20:28,5.182507061377578e-07,38.88672491598321,-0.27209765516194295,,803.5,654.25
96.3336367005104,0.2830336970509961,2012-09-09 07:22,7.299021574752842e-07,-42.274510425215375,-0.279604496364815,,654.25,800.0
107.99224086782488,0.3326504072465468,2012-09-09 20:42,5.497374256051387e-07,45.62240206470686,-0.28021595779781805,,800.0,675.0
37.39890800585272,0.2800501628080383,2012-09-10 07:57,9.390818307254181e-07,-45.11114393206115,-0.29744515519338677,,675.0,833.75
81.39469466812443,0.3194702973414678,2012-09-10 21:51,5.432980065469801e-07,36.19274007589539,-0.24669389655437257,,833.75,1478.75
38.03988712767023,0.4631543893095416,2012-09-11 22:30,9.328519474581624e-07,33.95513077904622,-0.1844757340603138,,1478.75,758.25
38.897818457116955,0.3158578442429037,2012-09-12 11:08,5.803384836745695e-07,-68.17771850270492,-0.013921473389075345,,758.25,1111.75
61.71517899463652,0.4107456708152313,2012-09-13 05:40,6.781950857839729e-07,7.088601058344465,-0.18287249465622013,,1111.75,932.25
89.06927446398186,0.38056524979765527,2012-09-13 21:12,5.445421159405708e-07,26.676756643394743,-0.04959035391732769,,932.25,624.0
155.812637914496,0.3160194141964894,2012-09-14 07:36,6.050642676222414e-07,-13.55143415316999,-0.2738285871485697,,624.0,841.25
135.53555343671178,0.3244447253237013,2012-09-14 21:37,7.297822036221157e-07,3.817848802991623,-0.03565763583055026,,841.25,830.75
20.424810533513664,0.29079908687466133,2012-09-15 11:28,1.0539532501986883e-06,-42.48894009916959,0.03183696221482535,,830.75,1172.25
125.84693102238816,0.46223101338061195,2012-09-16 07:00,8.362098325620294e-07,16.720396001038512,-0.2300760795017478,,1172.25,751.25
124.55218749326377,0.35636412126768846,2012-09-16 19:31,6.138168120511442e-07,0.9082235573610508,-0.25586575735381684,,751.25,838.25
74.77605288317136,0.32047189147366834,2012-09-17 09:30,5.944114874430053e-07,-7.245793223531047,-0.1896579811569472,,838.25,663.25
182.45631744721322,0.33771816121103865,2012-09-17 20:33,7.396705064107226e-07,-8.587722729969451,-0.3691793505967649,,663.25,1349.5
115.92430111137219,0.5050000435730908,2012-09-18 19:02,8.696026105237596e-07,39.72758032432923,-0.24972942414121135,,1349.5,1325.5
67.81367186464195,0.4733989785697001,2012-09-19 17:08,1.1468656927505439e-06,60.84318833928584,0.08196675993606917,,1325.5,1454.5
145.12287434612517,0.5182627217727713,2012-09-20 17:22,1.3226869289113787e-06,65.77781452951298,0.0684541127175109,,1454.5,1515.5
103.07701156940311,0.5039472778735217,2012-09-21 18:38,1.2226663051126927e-06,65.45973570208875,-0.042798210957421645,,1515.5,599.5
94.48887322221708,0.34457793038260814,2012-09-22 04:37,1.125060508656601e-06,-67.4836783005348,-0.13293603204974147,,599.5,850.0
92.89153604746389,0.36257132058381103,2012-09-22 18:47,4.350583969003603e-07,59.430876883888104,-0.07189541027497981,,850.0,551.75
171.77435757927014,0.32389135597622953,2012-09-23 03:59,5.27953075125183e-07,-37.53763796624431,-0.2991329945312131,,551.75,918.75
172.45957549283048,0.378847663232591,2012-09-23 19:18,5.92146418536985e-07,48.219497898019235,-0.131305424263104,,918.75,570.0
174.62605442146014,0.3084642344135015,2012-09-24 04:48,7.324918533848449e-07,-23.77109176780074,-0.3672952164105254,,570.0,899.75
124.12626420977176,0.34421737579395995,2012-09-24 19:48,5.31440840896116e-07,34.33042223127914,-0.18862529186587196,,899.75,615.25
198.49947897870152,0.3395998174091801,2012-09-25 06:03,8.753845992813676e-07,-23.64078531887311,-0.43445508143230605,,615.25,870.0
101.9124585557438,0.32912089017918333,2012-09-25 20:33,5.711027631812509e-07,15.79478856166607,-0.22194128395002277,,870.0,650.0
177.43825495512283,0.3262829808033227,2012-09-26 07:23,7.979388537331823e-07,-30.66299867298786,-0.4555128223698741,,650.0,830.0
175.91438406176167,0.3186813259186844,2012-09-26 21:13,7.742430558693837e-07,-2.192689127896197,-0.23478137715334757,,830.0,740.0
61.84432301961351,0.2729500451435645,2012-09-27 09:33,9.55530914231705e-07,-55.288826629992414,-0.28804060363314576,,740.0,859.5
97.57869590277551,0.2577867442450952,2012-09-27 23:52,1.0155978472180743e-06,-27.811714564555324,0.09199042325660756,,859.5,1162.5
110.60341937743942,0.46891467438157025,2012-09-28 19:15,8.253694190968207e-07,24.1519050810461,-0.2361567767022663,,1162.5,758.0
182.686543697273,0.3686418342598093,2012-09-29 07:53,5.355641564886049e-07,23.108742862793118,-0.2622598873932809,,758.0,729.5
181.91917323994858,0.366692477313336,2012-09-29 20:02,5.677044553471151e-07,9.5686527904661,-0.29023344962567954,,729.5,865.5
227.4439123893535,0.3526100635159916,2012-09-30 10:28,7.988550009976442e-07,0.2506927386673725,-0.18687308912211956,,865.5,681.25
272.97630427681725,0.3205006750940811,2012-09-30 21:49,9.20068549577428e-07,-23.321487583646277,-0.3104213907462192,,681.25,1319.0
125.65308312201523,0.4967866924222714,2012-10-01 19:48,9.675749773480774e-07,13.915844779341574,-0.2236445222966097,,1319.0,1286.0
94.82740495375765,0.4504261291100799,2012-10-02 17:14,1.4341453837515818e-06,34.711984707844906,-0.03250683018377032,,1286.0,1378.25
84.57942776185519,0.4839377257643112,2012-10-03 16:12,1.2677485671320186e-06,46.058878880945144,-0.03567127875593101,,1378.25,1445.25
93.40908067002601,0.5147333773687327,2012-10-04 16:18,1.3125936136229145e-06,57.849621039409314,-0.0788348517327897,,1445.25,1520.0
199.86120746405504,0.5212459202060321,2012-10-05 17:38,9.652156282735656e-07,57.61576143974755,-0.21049873937177566,,1520.0,805.25
75.84229779982707,0.33877133785669383,2012-10-06 07:03,1.2385659818060165e-06,-46.859160864124696,-0.03748008496602395,,805.25,660.75
196.23979942160076,0.3485469507189312,2012-10-06 18:04,4.204968303983943e-07,61.87044425901519,-0.2594793652673175,,660.75,780.0
122.83700438099913,0.3199006816818534,2012-10-07 07:04,1.1533680982613157e-06,-46.35408856226449,-0.14063981557023908,,780.0,704.25
138.57110097495024,0.35215924482326955,2012-10-07 18:48,4.7502595260824035e-07,58.743943633828465,-0.30869747572650397,,704.25,1445.75
139.23469621164259,0.5092804045998491,2012-10-08 18:54,7.856294539993152e-07,63.45445267771134,-0.2689900353846433,,1445.75,699.25
156.8749852151086,0.36015277536353096,2012-10-09 06:33,6.676725653674504e-07,-24.142657509008785,-0.2031237495395164,,699.25,774.5
85.50933645630721,0.34929706786836806,2012-10-09 19:27,5.782703717378083e-07,55.34538950737825,-0.24172954924699397,,774.5,660.25
143.84040489843755,0.32328252428366494,2012-10-10 06:28,5.333441501417757e-07,-16.526762641741797,-0.16109108196682698,,660.25,816.5
115.90801569691394,0.35503903998566483,2012-10-10 20:04,6.871731685193942e-07,40.22963470931709,-0.19508489582800692,,816.5,773.75
180.37804312829394,0.3243237369557998,2012-10-11 08:58,9.571349666865542e-07,-33.63064465790122,-0.11833388461093008,,773.75,775.0
217.72206703150005,0.3202360047143884,2012-10-11 21:53,7.559264410355093e-07,9.597341062813157,-0.11886647248150783,,775.0,1280.75
96.42415400820028,0.4691024240552603,2012-10-12 19:14,8.891896008027161e-07,5.092265238620566,-0.11111927270085742,,1280.75,734.25
139.8332442582614,0.33895950045553036,2012-10-13 07:28,6.086892042076971e-07,-8.147211305342703,-0.13097470097491914,,734.25,729.75
184.58101477670425,0.3251086952611028,2012-10-13 19:38,6.600317332772638e-07,-18.46370473487301,-0.2126849845098313,,729.75,1380.25
287.08477823725843,0.4838981253269594,2012-10-14 18:38,1.1195224808903615e-06,-4.506478039500585,-0.3632495128872031,,1380.25,870.75
95.5992207271629,0.3473365074508668,2012-10-15 09:09,7.755021317816424e-07,2.0718969951225685,-0.07400032880608287,,870.75,595.0
237.94663189335552,0.33757368646911345,2012-10-15 19:04,8.50917707235454e-07,-0.9477417735979182,-0.48649184115778765,,595.0,1299.25
125.21160415264603,0.5111114518949762,2012-10-16 16:43,9.306567821083554e-07,69.26279416026145,-0.10566033240759509,,1299.25,1344.5
53.941473796003265,0.47026415381697007,2012-10-17 15:07,1.4924902674420469e-06,70.2492300824267,0.20388526913509963,,1344.5,1486.25
67.1526987318066,0.49034108308842406,2012-10-18 15:54,1.2806476035228369e-06,76.6708667537516,0.1414092571392871,,1486.25,560.0
48.813783514342504,0.29166128404904157,2012-10-19 01:14,9.748367444583508e-07,-94.88914913646231,-0.18236544721487746,,560.0,945.0
134.34597778279567,0.3847139764887591,2012-10-19 16:59,4.890124389650843e-07,75.17854931336056,0.03545399817127759,,945.0,1444.25
107.58547351266316,0.4933752584717392,2012-10-20 17:03,1.1000220063216902e-06,64.45296011411206,-0.022764983171981612,,1444.25,540.75
205.859443471345,0.3440008629307461,2012-10-21 02:04,9.775368387579344e-07,-45.28238035528618,-0.30574976307010715,,540.75,913.75
118.84040328055562,0.36829467593148973,2012-10-21 17:17,4.223024606844816e-07,53.84096936546518,-0.12059328912952694,,913.75,565.25
167.45066993717046,0.3173042385509082,2012-10-22 02:43,4.6385005489559213e-07,-20.731044946021797,-0.2842514944728247,,565.25,884.75
154.98583923021215,0.3732350046921056,2012-10-22 17:27,4.995562433064001e-07,46.218577369518144,-0.21487507170092357,,884.75,635.0
184.30089435074478,0.32310825851163827,2012-10-23 04:02,5.222293314552492e-07,-10.006268864756326,-0.295854839494222,,635.0,820.5
120.309068938368,0.3457230809144676,2012-10-23 17:43,5.813453811967939e-07,40.034533658419946,-0.2879891432381072,,820.5,700.0
184.7666578917415,0.34137809577320394,2012-10-24 05:23,5.953771304364441e-07,-4.423134859094328,-0.3282175312720299,,700.0,770.75
172.84961868048413,0.3376869334703467,2012-10-24 18:14,5.827663944560645e-07,29.920825345951936,-0.3507434498401736,,770.75,759.25
197.41280140042363,0.3346737699854809,2012-10-25 06:53,6.174088437023179e-07,-6.299060861068151,-0.3405330802927953,,759.25,739.5
245.55153353096102,0.34296592043635127,2012-10-25 19:12,8.762825993111848e-07,7.949638670818906,-0.4138028880670577,,739.5,775.0
285.0668049345404,0.3469942372272878,2012-10-26 08:07,7.120713368526663e-07,-3.6965622306868244,-0.29313176980538813,,775.0,760.5
118.1380375437584,0.3208827650911796,2012-10-26 20:48,1.2026202492643882e-06,-31.492181980510754,-0.39054465187282084,,760.5,1270.75
126.14651975229208,0.4952797116032646,2012-10-27 17:59,8.426097345862671e-07,30.284200908190023,-0.21773466470201264,,1270.75,930.0
156.953872738668,0.37785999829065986,2012-10-28 09:29,7.590104538945431e-07,19.97768770429132,-0.1531113687124872,,930.0,639.25
238.5300465360342,0.3516453279007692,2012-10-28 20:08,8.200753047978662e-07,-12.364969693460862,-0.39536767440167964,,639.25,1300.0
127.1350201228779,0.48076251984457485,2012-10-29 17:48,1.0124734206561792e-06,31.24729240505102,-0.1739779825635832,,1300.0,1245.0
130.6913839612389,0.45528059124868986,2012-10-30 14:33,1.330368318668125e-06,45.429187953369556,0.028931088873946464,,1245.0,1419.75
91.94454986587516,0.49618721517617814,2012-10-31 14:13,1.098169693596074e-06,56.49539834903946,0.0056446446530529215,,1419.75,695.0
31.196738207218004,0.2996675395212757,2012-11-01 01:48,9.062091844465872e-07,-69.43793228019672,0.030230117998883088,,695.0,805.0
112.34260194760282,0.37292712336056866,2012-11-01 15:13,4.740118898097437e-07,65.18481145593053,-0.06162209497069426,,805.0,1454.75
81.93439133094216,0.49924539557347697,2012-11-02 15:27,1.1793695395379244e-06,73.0104165158866,-0.08897372724059238,,1454.75,1460.5
90.52605286895414,0.5150871093889388,2012-11-03 15:48,1.2576832653432887e-06,78.67811420208817,-0.11077548573265972,,1460.5,1475.0
159.24446941367933,0.534358751232503,2012-11-04 16:23,1.1937181208265752e-06,80.01377893155993,-0.1462508374658995,,1475.0,1510.75
156.4954067410872,0.5228746854021059,2012-11-05 17:34,8.499966978869977e-07,69.56420680571377,-0.2515380700347265,,1510.75,834.0
114.85633096039237,0.3677643339712328,2012-11-06 07:28,1.2178207127052707e-06,-38.87025224256692,-0.07878561235905934,,834.0,641.0
112.90190239538788,0.3368004344132108,2012-11-06 18:09,4.413184160606054e-07,61.043157177007025,-0.2501284194015483,,641.0,958.75
73.22175475906988,0.32849591712389764,2012-11-07 10:07,1.2939073186852089e-06,-31.553649940406093,0.08481656123341885,,958.75,580.0
177.84877906160546,0.3155100008007139,2012-11-07 19:47,5.493980131160859e-07,29.51927792500186,-0.2991318209274514,,580.0,1340.5
94.80896872155427,0.48298676483682357,2012-11-08 18:08,9.610918463425122e-07,34.54453625057052,-0.09349875591138002,,1340.5,840.0
122.31158579255862,0.3645390001668905,2012-11-09 08:08,5.775400900698068e-07,-6.317559632510362,-0.004600595022885567,,840.0,675.0
131.55940143384214,0.32424919127758284,2012-11-09 19:23,5.045872283805623e-07,0.7321972167274454,-0.14019348581309282,,675.0,1254.5
106.8397646734229,0.45815698574491154,2012-11-10 16:17,9.400498611854667e-07,11.909226877464413,-0.1600621272335987,,1254.5,936.25
84.00103772313742,0.37273161046323366,2012-11-11 07:54,5.844291794720441e-07,8.18001360201077,0.05131883797586223,,936.25,579.0
197.1599135834549,0.31759074384657043,2012-11-11 17:33,4.446293363757342e-07,-2.754716884091125,-0.3716008943818876,,579.0,1275.25
78.21496969256259,0.48045272935996763,2012-11-12 14:48,1.1735694422281142e-06,65.47051781201596,-0.08827234640290271,,1275.25,1324.5
69.55975728727935,0.4530371142318472,2012-11-13 12:52,1.41277011828811e-06,67.94018160055575,0.23439509075565468,,1324.5,651.25
61.1418722851522,0.2681642513780389,2012-11-13 23:44,3.479585387848137e-07,-117.35205480977082,0.09873792110072088,,651.25,924.25
103.3849246292084,0.39610540302237496,2012-11-14 15:08,7.194913614702492e-07,94.67827025265123,0.07752637269691576,,924.25,1404.5
50.04290660697734,0.4603110200744898,2012-11-15 14:32,1.234152304168751e-06,84.89619609699226,0.20397330447849527,,1404.5,500.5
144.21276334120193,0.34530311312604073,2012-11-15 22:53,1.0195602310493774e-06,-90.08487587882446,-0.5098013893576194,,500.5,990.0
80.9916547935427,0.3636452545955156,2012-11-16 15:23,5.623747497885037e-07,81.24838789795912,0.13910760634040997,,990.0,515.0
118.74178789665166,0.30296556822334725,2012-11-16 23:58,9.952509900845027e-07,-84.51168834904318,-0.4423700009675997,,515.0,1010.0
102.02990793681238,0.37599712157195125,2012-11-17 16:48,5.256580809958621e-07,70.41422309166424,0.027292907009005773,,1010.0,570.75
75.73557316492952,0.2725358822596415,2012-11-18 02:19,1.0219398421211609e-06,-93.53395565932527,-0.2041003574151219,,570.75,905.0
114.63783873674402,0.339288284041686,2012-11-18 17:24,6.292404719319465e-07,48.80321094522538,-0.055167476212478306,,905.0,1384.25
103.58196526467509,0.46952250771573745,2012-11-19 16:28,9.775578025229683e-07,41.35600030241598,-0.18103543036515646,,1384.25,590.0
217.20958324702224,0.34552540869723697,2012-11-20 02:18,4.6078898679646165e-07,-20.1226890345188,-0.24718679513112285,,590.0,820.0
138.32162609724037,0.35471255624239956,2012-11-20 15:58,5.02545770499742e-07,47.034603424171614,-0.23103897752577396,,820.0,740.75
126.70659896510188,0.33501624074415304,2012-11-21 04:19,5.357644022903108e-07,-16.53447859412951,-0.2358094940208435,,740.75,740.0
170.97788460247102,0.3420351284633701,2012-11-21 16:39,4.7559960948620015e-07,39.43664258521963,-0.3128973992530426,,740.0,838.75
192.86152958484308,0.3444025187151662,2012-11-22 06:37,7.137526925683411e-07,-17.277424001139156,-0.21643271234185413,,838.75,675.0
216.74549354582268,0.31882529906579293,2012-11-22 17:52,6.491309303286828e-07,16.869175906240148,-0.4234685501931139,,675.0,905.5
179.74434724463208,0.32734827284972806,2012-11-23 08:58,8.001805610456121e-07,-13.189961679130047,-0.07842049544534291,,905.5,690.75
79.53149930101063,0.2987654856212127,2012-11-23 20:29,9.871737827850683e-07,-48.678058383461206,-0.38986428995823275,,690.75,1219.25
106.80763783508155,0.48135444829434465,2012-11-24 16:48,6.228809712942695e-07,40.65512624168734,-0.18201685408202195,,1219.25,1029.5
118.01583312946605,0.3923551461484749,2012-11-25 09:57,7.753689295286537e-07,24.343437833581017,-0.08636963354979699,,1029.5,591.25
253.2286908126116,0.3419448108470533,2012-11-25 19:49,8.929149847379915e-07,-21.828360309087046,-0.44954843746848283,,591.25,1014.0
149.06161783699645,0.36100341254496016,2012-11-26 12:43,1.023574506120676e-06,38.044580994810865,0.03946144334710766,,1014.0,1476.0
107.59303161888965,0.4938161938043777,2012-11-27 13:19,1.1487255295393021e-06,50.69634361219255,0.010876635839565552,,1476.0,715.0
16.74149313563248,0.2599087274284102,2012-11-28 01:14,6.022045164274787e-07,-85.95905458985018,0.1329854829963324,,715.0,824.25
146.26531648922537,0.3533769594602442,2012-11-28 14:58,6.28197993462031e-07,58.43057843944061,-0.04845066601428982,,824.25,1400.0
84.82204396132147,0.4920671451545786,2012-11-29 14:18,9.522609801351458e-07,67.35894968948978,-0.04351212038283592,,1400.0,790.75
32.586731739356765,0.26797021889554645,2012-11-30 03:29,3.0688287263950823e-07,-68.05906201816222,0.22230676900625213,,790.75,764.25
128.21392180347175,0.368870710284682,2012-11-30 16:13,5.699088451987797e-07,61.56575441390915,-0.15659947292057552,,764.25,1379.75
98.5555928874237,0.49927030042939197,2012-12-01 15:13,1.0689086612882854e-06,74.04617511537731,-0.10778628708629867,,1379.75,1461.5
103.41131805515033,0.5034306841456176,2012-12-02 15:34,1.1528574134115108e-06,75.4160964869501,-0.12428545535894386,,1461.5,1468.25
111.51929649415251,0.5186031966198547,2012-12-03 16:02,1.299234221794171e-06,73.51415073388013,-0.13641323175229303,,1468.25,1465.5
110.73184782922908,0.5125408254098147,2012-12-04 16:28,1.1399572545002628e-06,67.81879184152172,-0.12681156086024004,,1465.5,1500.0
175.29570127648185,0.5049277517343095,2012-12-05 17:28,1.0047321477029246e-06,51.456132480636875,-0.17475846656164506,,1500.0,940.75
96.72738712659338,0.3801437049502662,2012-12-06 09:09,9.39370036888474e-07,-9.819176013409898,0.01665952792533254,,940.75,570.0
159.8610898545303,0.329650356376078,2012-12-06 18:39,4.641087634760702e-07,25.8625512214213,-0.20722278786817228,,570.0,869.25
108.09916149308265,0.3655935206528132,2012-12-07 09:08,5.469326629338435e-07,7.496232026234842,-0.0012336384469051609,,869.25,615.75
189.15023724614002,0.3164215382906453,2012-12-07 19:24,4.4517429984896576e-07,-0.17122234994060015,-0.17168021013346038,,615.75,1035.0
151.73628491655109,0.3843403659023655,2012-12-08 12:39,1.1852525969135122e-06,23.961742060625916,-0.051198126365592955,,1035.0,1379.0
90.54411374338088,0.47005759538539377,2012-12-09 11:38,1.4398150992155479e-06,48.59580156465338,-0.003056816166164822,,1379.0,1440.0
91.32628350365849,0.4901492707043265,2012-12-10 11:38,1.3591128311657058e-06,66.86719388658952,0.08307334919431497,,1440.0,636.5
26.257811372706783,0.2942532040178776,2012-12-10 22:14,7.115431949557261e-07,-92.49749358845254,0.03253915625534631,,636.5,880.0
85.10857788292924,0.3711439985878921,2012-12-11 12:54,4.453016320418688e-07,85.53845132459503,0.07969069133726947,,880.0,1413.75
108.25807009321579,0.4694937895789432,2012-12-12 12:28,1.1363921325607272e-06,83.87619748705733,0.21088106344279112,,1413.75,490.0
92.61606450345425,0.3415936061452764,2012-12-12 20:38,1.0308577975419093e-06,-75.73506046488671,-0.611268404356899,,490.0,985.0
85.05168147406948,0.3634927323825347,2012-12-13 13:03,5.452800630109852e-07,82.46108615663665,0.2280752154158634,,985.0,545.0
131.62952684731863,0.3394870658812579,2012-12-13 22:08,9.161975516360127e-07,-100.52658511019312,-0.5381197453094657,,545.0,1000.0
73.47311476085451,0.35967431714137393,2012-12-14 14:48,6.467629851459106e-07,88.23869476168971,0.17681608385596093,,1000.0,604.75
35.3645301443612,0.2551101823434389,2012-12-15 00:53,8.381617347079576e-07,-131.57274562716321,-0.09123308355370341,,604.75,996.0
78.68974024735508,0.4081627316869951,2012-12-15 17:29,5.28945095332474e-07,81.9838106907564,-0.030766067440971767,,996.0,1323.75
70.01034537141095,0.43648534691116464,2012-12-16 15:32,1.1502900200085644e-06,49.53524707644803,0.06407621946948083,,1323.75,495.0
262.7340631152765,0.34523528507755447,2012-12-16 23:47,8.206036389472712e-07,-40.76162529627364,-0.46581035522471126,,495.0,930.5
83.28944729342766,0.34554704490195337,2012-12-17 15:18,6.033787084889942e-07,33.94838925896035,-0.08192085673757177,,930.5,560.0
233.27776666781574,0.34166785872851807,2012-12-18 00:38,6.272683323268549e-07,-27.58345097170136,-0.32129493958615996,,560.0,865.0
141.6630403194722,0.3472093007876538,2012-12-18 15:03,6.046660948234408e-07,33.38843163350405,-0.1945297265893764,,865.0,745.75
171.17466326468275,0.3046342721111917,2012-12-19 03:29,8.687048567065042e-07,-36.333027875998624,-0.16997902401163145,,745.75,753.75
162.91748142932192,0.3291733844865424,2012-12-19 16:02,6.694266841270645e-07,23.27515466952655,-0.29031462504256744,,753.75,1385.5
102.38766677597596,0.4974655072146561,2012-12-20 15:08,9.277567333923845e-07,44.1752830249207,-0.19295131661884213,,1385.5,940.0
92.48832936376857,0.3772065836043718,2012-12-21 06:48,6.785873389662174e-07,-0.10399670583363385,-0.09667729634372998,,940.0,615.0
204.57602204893192,0.3251221722651583,2012-12-21 17:03,6.735157038548386e-07,18.131286713689615,-0.3746371016486769,,615.0,915.75
138.12428021679807,0.3600591706344858,2012-12-22 08:19,6.556902547637612e-07,15.012741539316318,-0.08530295932323195,,915.75,624.25
211.79572290784563,0.33851005534719053,2012-12-22 18:43,8.724131342606396e-07,-15.250561410932335,-0.45467585860680515,,624.25,910.0
172.2888584897737,0.34749031281292747,2012-12-23 09:53,7.625282801415052e-07,26.89396143018649,-0.056572008741651914,,910.0,1505.75
136.43485189648345,0.47500167768642615,2012-12-24 10:59,1.1367658306661516e-06,38.372350188467514,-0.04463946347545189,,1505.75,554.0
122.70762131243828,0.3141787641022044,2012-12-24 20:13,9.911283713272878e-07,-38.86551285180167,-0.4440811863386003,,554.0,925.25
199.18177256651688,0.3769015350068609,2012-12-25 11:38,6.164201028488502e-07,48.96012828033982,-0.04594865203704401,,925.25,599.75
131.66748034571356,0.31132999404023093,2012-12-25 21:38,9.252575500582304e-07,-65.80436122607222,-0.3706934727188056,,599.75,961.0
96.09344588774547,0.3643792934405307,2012-12-26 13:39,6.380002331984482e-07,54.89214122355391,-0.019002079912105785,,961.0,1450.5
80.65673819102813,0.47159961373351206,2012-12-27 13:49,1.1055803282444195e-06,61.0294631916141,-0.03121595874507932,,1450.5,628.75
112.42973194501246,0.2976305879128631,2012-12-28 00:18,1.1046391741124578e-06,-90.91314922267276,-0.1050236958326991,,628.75,860.75
118.00695585843641,0.36070678679971024,2012-12-28 14:39,5.695499655985266e-07,63.07391606812954,-0.04982062197229098,,860.75,1449.25
110.27442876831628,0.5034111272834707,2012-12-29 14:48,1.1261051903463726e-06,64.44153762178266,-0.05961688157636047,,1449.25,1460.0
65.62781724744127,0.49285798349107307,2012-12-30 15:08,1.117136817819293e-06,63.48839185006776,-0.0734534644592415,,1460.0,1490.75
106.91369280393701,0.5062191447068471,2012-12-31 15:59,1.0701375502147427e-06,57.83143852647373,-0.11535434232672515,,1490.75,1431.0
89.29197994111746,0.5015500011698654,2013-01-01 15:50,1.2145098016777793e-06,55.62556181723626,-0.0751866337046927,,1431.0,1435.0
73.49323275433562,0.4838036931469105,2013-01-02 15:45,1.358429945403412e-06,47.57238243378397,-0.016803945002166643,,1435.0,1345.0
24.08184171472385,0.43073181228828616,2013-01-03 14:10,1.13740125895468e-06,25.915744152203672,0.11110306244469825,,1345.0,1150.0
150.3504537200206,0.43508250290566747,2013-01-04 09:20,1.1870158013429095e-06,11.654581633726481,-0.044767622466443946,,1150.0,605.0
174.92164407252858,0.33163129609116976,2013-01-04 19:25,5.578153892391617e-07,-3.7287389717240993,-0.1824280139020673,,605.0,870.0
137.96999370861158,0.36729592124659877,2013-01-05 09:55,6.021638833895193e-07,28.563140697180117,-0.0840482932014801,,870.0,1460.0
114.6233629827475,0.4904111479506052,2013-01-06 10:15,1.1621979970187979e-06,48.06762641616117,-0.07299248146827608,,1460.0,650.0
71.80386188723787,0.2969435243770325,2013-01-06 21:05,1.1624067422088463e-06,-53.77377350197246,-0.07146884408247445,,650.0,845.0
127.73382514766126,0.37253193045035005,2013-01-07 11:10,5.047597563830473e-07,63.87239455986307,-0.05832447725444467,,845.0,1450.0
118.07976544194389,0.48744566331151873,2013-01-08 11:20,1.2533850162698154e-06,77.13099276181508,0.03494001287868542,,1450.0,1530.0
51.79806041211123,0.5153943871167334,2013-01-09 12:50,1.1526099671650558e-06,87.10313727333936,0.04684549296626983,,1530.0,560.0
42.3957971449272,0.28607511875452474,2013-01-09 22:10,8.541414163170783e-07,-117.23121242310503,-0.1570055941610633,,560.0,915.0
79.02783182078565,0.36579836196809384,2013-01-10 13:25,5.370622381528517e-07,88.92000423512823,0.13021871361080173,,915.0,1455.0
42.55818015408295,0.45787434487525996,2013-01-11 13:40,1.0762345734150304e-06,77.87142999850029,0.20568890429580478,,1455.0,450.0
231.93802027250058,0.331559359144497,2013-01-11 21:10,8.565278722319322e-07,-55.636334201607276,-0.6760388012884135,,450.0,1015.0
48.376552990594064,0.36419302425929345,2013-01-12 14:05,5.410112165293986e-07,60.43418780554926,0.21727049591697778,,1015.0,510.0
151.0846448175289,0.3213433157846642,2013-01-12 22:35,9.74644777686254e-07,-72.43142592934426,-0.5784683120355396,,510.0,1090.0
89.26847419934347,0.41030074493998353,2013-01-13 16:45,8.428698215690401e-07,64.37474288437173,0.1392070709715867,,1090.0,1265.0
69.3662137593492,0.4087116667360533,2013-01-14 13:50,1.5754168261935064e-06,18.02709108615076,-0.012878883120661655,,1265.0,520.0
185.96771910735697,0.3483857187578299,2013-01-14 22:30,3.762085958791431e-07,-4.3903888673181815,-0.418386778153679,,520.0,865.0
126.31650397110207,0.32828040546155535,2013-01-15 12:55,5.99843476727317e-07,22.02218703144915,-0.1521406088351842,,865.0,670.0
186.2463275207847,0.3532805545449567,2013-01-16 00:05,4.93392349648218e-07,-16.734019299453085,-0.25979182786161203,,670.0,920.0
153.49895766681584,0.3435556239661916,2013-01-16 15:25,8.436572673390364e-07,1.6367268587082568,-0.169969772365822,,920.0,1330.0
111.93062214792008,0.48640622454695404,2013-01-17 13:35,9.804931202052045e-07,30.09648524573294,-0.1407970084360084,,1330.0,1075.0
114.01641355354514,0.38787934362577897,2013-01-18 07:30,1.2310293738663886e-06,3.4672530155877404,0.05680088408628414,,1075.0,570.0
216.55499996173603,0.3070702191616874,2013-01-18 17:00,4.993312749187112e-07,-8.09678859769804,-0.3098822676894608,,570.0,875.0
107.79667269816855,0.34699521773533587,2013-01-19 07:35,5.989824871434995e-07,18.60237711444877,-0.050554914925196925,,875.0,625.0
241.15642866003327,0.3305479236781442,2013-01-19 18:00,7.47850143554647e-07,-17.679715374644754,-0.36485826899716045,,625.0,885.0
125.46052386111114,0.34854658900682506,2013-01-20 08:45,5.003445645331561e-07,29.168153734001738,-0.09522296999680258,,885.0,1510.0
168.94020468600502,0.477538556161259,2013-01-21 09:55,9.797556643155962e-07,34.94444270564097,-0.10880983424544155,,1510.0,585.0
108.47808149839693,0.31342205734108575,2013-01-21 19:40,9.391087063230153e-07,-35.61063273007569,-0.42085766802666313,,585.0,870.0
113.2012167382345,0.34859981712846394,2013-01-22 10:10,5.645014723481074e-07,44.743439175701404,-0.13155932011412474,,870.0,605.0
124.35843203733384,0.2831829419010319,2013-01-22 20:15,9.177672195832962e-07,-40.50833280422542,-0.4275511719888172,,605.0,955.0
138.26504380631377,0.3532263348558142,2013-01-23 12:10,7.5300048713793e-07,42.38556250521932,-0.05399722741917756,,955.0,1450.0
97.28869165519427,0.47580533937434666,2013-01-24 12:20,1.1430223306120266e-06,48.35461445604486,-0.05353599437379586,,1450.0,574.75
89.86389428144321,0.31765133565446985,2013-01-24 21:54,1.0587271317362757e-06,-62.3653453037681,-0.37448816459982837,,574.75,930.25
120.29248887658468,0.37916851735402207,2013-01-25 13:25,5.750294021580473e-07,50.1011308488904,-0.013052336173309698,,930.25,1504.75
93.70804293248511,0.4807804929150734,2013-01-26 14:29,1.3943222727622598e-06,50.95430713561336,0.00396110892429391,,1504.75,1441.75
100.49034057221434,0.4873015332365564,2013-01-27 14:31,1.2419742259588827e-06,49.04779845899842,0.013999357518358124,,1441.75,758.5
25.593128902619355,0.27736312392516993,2013-01-28 03:10,5.951546521184415e-07,-61.51514762693814,0.2023440950664046,,758.5,821.25
57.13395982827933,0.3784270945276755,2013-01-28 16:51,5.427518628377548e-07,42.69223685551884,-0.06844440294389287,,821.25,1315.0
79.05637538227893,0.43525299431833747,2013-01-29 14:46,1.5318815349239605e-06,36.546801853780316,0.048148009276726356,,1315.0,1415.0
39.62678354858326,0.4488782882108353,2013-01-30 14:21,1.7712403724447927e-06,23.235009089272392,0.081407232383361,,1415.0,1405.0
70.46139227289132,0.4430915379161888,2013-01-31 13:46,1.7859073144662605e-06,5.857096387059459,0.08061853678702002,,1405.0,1110.25
136.40779723935339,0.42851235379445524,2013-02-01 08:16,9.634803152663785e-07,17.142850719565097,-0.08740750902130578,,1110.25,865.0
37.92025795792142,0.33201652035010437,2013-02-01 22:41,1.154932420030973e-06,-31.18870004663732,-0.059986148239723036,,865.0,678.25
152.77866320899193,0.30802233248202054,2013-02-02 09:59,5.088310653069808e-07,19.01622905449729,-0.1801465709930934,,678.25,1311.5
92.88409845828937,0.4691649749026207,2013-02-03 07:51,8.538573946813632e-07,53.29069338467824,-0.03452054937225313,,1311.5,630.0
116.24276600126905,0.3268742721484159,2013-02-03 18:21,5.302682788742682e-07,-34.575058804739804,-0.09062083862421844,,630.0,868.75
119.62927838627365,0.35740705342323054,2013-02-04 08:50,5.166168011325499e-07,62.524180445141866,-0.05835919912890475,,868.75,652.0
154.23175153471675,0.3080354978640874,2013-02-04 19:42,9.995991751557317e-07,-59.411550376089494,-0.13236673231448748,,652.0,859.25
156.3533011747677,0.349719127775946,2013-02-05 10:01,5.257675728706974e-07,66.02125582934758,-0.052729622480391924,,859.25,1512.0
91.6733014476813,0.48704108131156926,2013-02-06 11:13,1.1281758758907313e-06,66.55441171094716,0.0009153246316131458,,1512.0,1508.75
77.9594250178161,0.49424906239922467,2013-02-07 12:22,1.0871241516078111e-06,65.99098741436444,0.08424163325172174,,1508.75,1469.25
61.775666874382296,0.47221609901074163,2013-02-08 12:51,1.2096856850260845e-06,57.7326102919438,0.17321851509064246,,1469.25,508.75
97.64324359770399,0.31040799647841294,2013-02-08 21:20,1.0533788020131158e-06,-77.23178611201537,-0.5053874525865965,,508.75,1029.75
136.9258645724949,0.3932686645906263,2013-02-09 14:29,7.017396570826847e-07,59.10179915963207,0.23032154582311293,,1029.75,1290.0
40.777964253029495,0.4058024876649142,2013-02-10 11:59,1.5855247287682077e-06,8.245691775781747,0.02833821312470075,,1290.0,536.5
202.0624021435833,0.34201881351327756,2013-02-10 20:56,7.850736918394715e-07,-1.7868458114228964,-0.5636696603061031,,536.5,775.75
125.53483011541175,0.32215145342585555,2013-02-11 09:52,5.426035207249631e-07,17.7238651055725,-0.19420712012358265,,775.75,659.25
181.512992372609,0.33710869991530973,2013-02-11 20:51,6.073937588062354e-07,21.84784264315776,-0.3999806651287692,,659.25,782.0
127.11571560323137,0.3248723035333872,2013-02-12 09:53,5.21324184244884e-07,20.509130304213922,-0.17984200467319944,,782.0,728.0
142.54199937664453,0.33034272233877954,2013-02-12 22:01,5.745518547291886e-07,8.683100311933739,-0.2981791620759848,,728.0,780.0
166.73303237832442,0.31921488805043435,2013-02-13 11:01,6.173776557367891e-07,12.370774956427505,-0.19899452674926366,,780.0,888.75
170.80252049223418,0.32514883980184095,2013-02-14 01:50,9.68309396363718e-07,-18.985692382901924,-0.06543324709275922,,888.75,1746.25
39.68024820964274,0.4787979984442548,2013-02-15 06:56,1.8459442571277473e-06,15.627429655205546,0.06526202995114527,,1746.25,1468.75
110.46408598118433,0.4784983465942787,2013-02-16 07:25,1.3102083865888252e-06,23.45414790110508,-0.039001570204716174,,1468.75,658.25
141.42619216170715,0.34206871224402374,2013-02-16 18:23,7.255027400653985e-07,-39.6971587625217,-0.17853501371253344,,658.25,793.0
113.66308644057426,0.3441924963044585,2013-02-17 07:36,5.675858880264938e-07,33.03597380270044,-0.12610281227911457,,793.0,605.0
134.96399453457343,0.3227944746540743,2013-02-17 17:41,4.922976290228488e-07,-21.325474058210666,-0.2767709678092416,,605.0,825.0
148.39205106884037,0.3519354671880137,2013-02-18 07:26,4.988767990764785e-07,47.49004687015695,-0.16973394453301438,,825.0,642.0
162.1826097310077,0.33005066542439937,2013-02-18 18:08,5.742937770856423e-07,-16.93144132880238,-0.31992549772633083,,642.0,870.0
91.227641068308,0.34468806472432334,2013-02-19 08:38,6.241513277228807e-07,45.08087476242736,-0.2158219613299721,,870.0,658.0
181.06488156987325,0.30978782196810545,2013-02-19 19:36,8.99667349579195e-07,-36.349271765000566,-0.3709557525437681,,658.0,848.5
187.01830924193928,0.3433457431262165,2013-02-20 09:44,6.072031725255716e-07,40.03394418923138,-0.20932611493209663,,848.5,1485.25
124.38156114127196,0.4731359133220394,2013-02-21 10:30,9.552616012236859e-07,37.847849841805,-0.1737437046267658,,1485.25,578.25
142.3294283210089,0.32035537276775966,2013-02-21 20:08,9.714489526754927e-07,-28.79018485834979,-0.3915953630771867,,578.25,858.75
130.51682777560927,0.34084211768398137,2013-02-22 10:27,5.467845452359861e-07,41.301296031191995,-0.1463470317774842,,858.75,691.25
27.316143238476798,0.264708315381237,2013-02-22 21:58,9.673558673897776e-07,-59.36449700583272,-0.3037811550893075,,691.25,1165.0
69.68374668955221,0.42150432727794396,2013-02-23 17:23,1.3411365402668702e-06,30.683706708040404,-0.12392739907332384,,1165.0,1120.0
109.76531702897773,0.4004760266034282,2013-02-24 12:03,1.0790368147343486e-06,26.24178649633608,-0.004788130303381877,,1120.0,611.75
173.48351137667123,0.3042629566892477,2013-02-24 22:15,8.117109421229176e-07,-43.765386532175164,-0.2668764140007305,,611.75,1226.25
158.79910174482575,0.43398927795594017,2013-02-25 18:41,1.2839015724955302e-06,24.09304466068768,-0.1917927233348813,,1226.25,1003.75
116.31420017411074,0.35127792975739186,2013-02-26 11:25,1.084919936922608e-06,-0.2179664092241568,0.008959350780638878,,1003.75,703.75
166.82131452615067,0.28954126023503096,2013-02-26 23:08,1.023508336329618e-06,-31.901061404512543,-0.12794110032766604,,703.75,1286.25
138.9592496730802,0.43470653074473375,2013-02-27 20:35,9.73187437136712e-07,3.3714620630798824,-0.19555887560320362,,1286.25,723.25
113.29732513224371,0.32738531423092354,2013-02-28 08:38,5.1681388166106e-07,1.6521338620532857,-0.18926764357415005,,723.25,1423.0
179.646861411602,0.4604284882855912,2013-03-01 08:21,1.0010454046164619e-06,15.327377550934115,-0.2292563933686278,,1423.0,1333.5
129.89342057680915,0.47768372223799815,2013-03-02 06:34,8.651195124777278e-07,47.59027791686114,-0.05968552447846065,,1333.5,1441.5
82.87398696782475,0.4871536691449971,2013-03-03 06:36,1.148019430221318e-06,59.835366059585624,-0.030940477018564394,,1441.5,1473.75
91.20375897022313,0.49984335016536835,2013-03-04 07:10,1.1698592364662533e-06,65.48947968241691,-0.05266866008582127,,1473.75,803.25
26.15309905284448,0.3102398988242688,2013-03-04 20:33,1.0402255590399673e-06,-58.237737162868356,0.03362082236719033,,803.25,768.0
117.04542673222022,0.3399849583244456,2013-03-05 09:21,4.738020181044738e-07,53.99484347015326,-0.1451925026973342,,768.0,1425.0
140.53481005083086,0.47048880366007023,2013-03-06 09:06,9.961765074262544e-07,53.338930501382244,-0.08322867285250979,,1425.0,643.75
128.8017057921752,0.34676648378081154,2013-03-06 19:50,1.1037949576339156e-06,-73.58548760990541,-0.24234940439460928,,643.75,851.25
94.61265284815454,0.3316415673980373,2013-03-07 10:01,5.165224129110197e-07,39.79655754116105,-0.03644876773014616,,851.25,625.0
96.14577246571571,0.2810709640859083,2013-03-07 20:26,1.0505835945734078e-06,-75.29951786766894,-0.3155264571198444,,625.0,1035.0
157.450086102981,0.37576919847439666,2013-03-08 13:41,1.1940180597135076e-06,43.51650480120214,0.1321862450762339,,1035.0,1215.0
107.82960693957648,0.39331844185168546,2013-03-09 09:56,1.1592972007299618e-06,7.976929191805714,-0.10757557311204824,,1215.0,550.0
234.56397987030869,0.32470481812439783,2013-03-09 19:06,6.182191883804398e-07,9.225346824896967,-0.4739084340197639,,550.0,808.5
155.25036421295226,0.327709092060104,2013-03-10 08:34,5.715773496895071e-07,14.297798607795336,-0.2476721109374882,,808.5,671.5
203.01182140839956,0.33387749228131725,2013-03-10 19:46,6.464322445413028e-07,15.293807888453145,-0.44225703637986946,,671.5,757.0
199.84464849219876,0.330857534968042,2013-03-11 08:23,5.377000092651472e-07,15.601142403113627,-0.2640914869417976,,757.0,725.5
198.07104665700535,0.3407891401075176,2013-03-11 20:28,6.423558316477613e-07,17.92075533056684,-0.37463187765745154,,725.5,762.5
190.37182484245932,0.32589575835542445,2013-03-12 09:11,6.66336890736538e-07,3.8410899154737645,-0.30669134102876416,,762.5,797.0
227.50103748785477,0.32199957841658033,2013-03-12 22:28,7.526014365772123e-07,-4.215349891536344,-0.2880958752359739,,797.0,780.5
60.48282592175383,0.2639303582012265,2013-03-13 11:28,9.496941834258971e-07,-32.02803729731152,-0.2467777145122536,,780.5,1244.5
132.03770598966003,0.47180399143932544,2013-03-14 08:13,7.655147544298213e-07,23.225512150676483,-0.1395210692172455,,1244.5,1226.5
82.12870841260155,0.41769152739774046,2013-03-15 04:39,1.436605243234126e-06,24.09461426506904,0.07230836435758903,,1226.5,1486.5
186.52361149674107,0.5075039277702066,2013-03-16 05:26,1.2893850667309104e-06,36.225308097834564,-0.03167329666080576,,1486.5,1428.75
126.70074040755935,0.49745674718481797,2013-03-17 05:15,1.1712200568367314e-06,49.15339232769736,-0.0828412859377039,,1428.75,623.75
119.43165655573466,0.3281648038610001,2013-03-17 15:38,6.610188140242904e-07,-24.80410032580921,-0.12261254600815086,,623.75,847.5
96.21869448092184,0.3778073681387468,2013-03-18 05:46,4.93449714026292e-07,58.01608372740472,-0.14401990923620644,,847.5,710.0
164.04271982131831,0.3429110346429904,2013-03-18 17:36,6.968722564982708e-07,-30.397682300482064,-0.19936448134167328,,710.0,790.0
155.1990821547588,0.35993500201099476,2013-03-19 06:46,5.180029165555618e-07,57.25084455967067,-0.23001618563190362,,790.0,733.75
190.7016177220612,0.33853103407212376,2013-03-19 19:00,6.754365802723979e-07,-39.17406998689833,-0.25523303060857216,,733.75,770.0
144.24887427450813,0.3330004623251928,2013-03-20 07:50,5.149221922642079e-07,49.00377047364496,-0.28717382209588393,,770.0,749.75
152.5343877688465,0.3082896279835647,2013-03-20 20:19,8.456318625309485e-07,-50.895702579169246,-0.2500230115218791,,749.75,764.0
188.20359053865104,0.31985108952600666,2013-03-21 09:03,5.855240829280013e-07,34.083095155424814,-0.28875435448975395,,764.0,1407.5
129.941485082727,0.47560562322178157,2013-03-22 08:31,8.331289072702324e-07,45.33501426404456,-0.24016413440702422,,1407.5,670.0
192.66525679089682,0.3567681683974418,2013-03-22 19:41,6.565813433124231e-07,-20.670269348944345,-0.28666514221168526,,670.0,810.0
143.557020899716,0.3288323227170622,2013-03-23 09:11,5.607007334223207e-07,32.57147176207854,-0.19657744549719425,,810.0,700.0
222.8072641876497,0.30798080013725365,2013-03-23 20:51,6.893853091887774e-07,-30.748791559254023,-0.24907996084708195,,700.0,938.75
132.7739663637476,0.3165401740188827,2013-03-24 12:30,1.138065556149756e-06,5.3770188156760295,0.011605260141697826,,938.75,1305.0
128.16539055154863,0.4222125411494441,2013-03-25 10:15,1.1685197553140748e-06,-1.106696347694653,-0.07392949704773266,,1305.0,673.25
190.95470903075693,0.300695544530754,2013-03-25 21:28,7.176741879076089e-07,-19.71393591518213,-0.16232102690405092,,673.25,1346.5
102.21159966024061,0.45529532544848433,2013-03-26 19:54,8.264127390161406e-07,5.676785254855994,-0.17937788508340935,,1346.5,696.5
145.08006689851754,0.33464523530953255,2013-03-27 07:31,5.634955598491229e-07,-2.2548817286137055,-0.24442304387695368,,696.5,810.0
147.45020555905285,0.3162505008561614,2013-03-27 21:01,5.234582316929116e-07,2.2411425422052482,-0.13948806865392682,,810.0,773.75
58.244986785812216,0.29457120653872454,2013-03-28 09:55,1.0824058043111867e-06,-43.20684255278969,-0.26770204885436755,,773.75,1185.5
107.86334053138489,0.47352568575782544,2013-03-29 05:40,6.701098309610088e-07,48.552281197682554,-0.12766643448331294,,1185.5,1354.5
85.99873012712123,0.4564916338810387,2013-03-30 04:15,1.444861750022463e-06,61.41944868409779,0.11164563437409925,,1354.5,1474.75
142.65196536554868,0.5087268630838176,2013-03-31 04:49,1.3211247426508552e-06,70.2990720624933,0.07509939893088102,,1474.75,1465.75
99.80226900781417,0.4963859714868401,2013-04-01 05:15,1.2212219632571145e-06,72.18318425362263,0.04090730144525878,,1465.75,1519.25
142.86694796670417,0.5103538218827453,2013-04-02 06:34,1.1925410105889188e-06,65.95157910110441,-0.07311046476927174,,1519.25,1455.25
79.67114284654599,0.4940933390316786,2013-04-03 06:50,1.2222296534302769e-06,55.38666354813135,-0.10646036751244026,,1455.25,544.75
155.5737944755856,0.3406363776593935,2013-04-03 15:54,5.753592785982429e-07,-27.727521686263678,-0.26450979479937686,,544.75,875.0
114.99569264333331,0.36425646312272875,2013-04-04 06:29,3.9688001754721267e-07,47.84950987506399,-0.14516906443248345,,875.0,606.5
133.89242239814848,0.336734447630685,2013-04-04 16:36,4.310138190649132e-07,-10.675137464809078,-0.3000576956011267,,606.5,858.5
140.62026376419453,0.3571690340807739,2013-04-05 06:54,5.456039319905892e-07,34.777829719462055,-0.22047394526882158,,858.5,646.5
163.64972504028628,0.32420794863719493,2013-04-05 17:41,5.18499158020563e-07,-3.556339467620493,-0.34771403776444476,,646.5,798.5
134.37575001220466,0.3336171711634961,2013-04-06 06:59,5.254070150214924e-07,27.348594811660664,-0.27416383490453455,,798.5,706.5
205.5045396882997,0.35307199184656685,2013-04-06 18:46,5.418380967113474e-07,-0.36821720649821177,-0.37369591265056945,,706.5,725.0
315.5964666880209,0.3317409942659045,2013-04-07 06:51,5.348383711528558e-07,26.564472510376884,-0.28443572103668124,,725.0,747.0
192.33553257237872,0.36210203551551484,2013-04-07 19:18,6.146661341868118e-07,12.20563565081136,-0.3352200767079827,,747.0,741.5
228.00544311880003,0.32697608982077025,2013-04-08 07:39,6.422186418477227e-07,10.33732922129401,-0.356823352163242,,741.5,800.75
210.28187855836222,0.3325834298472425,2013-04-08 21:00,6.675732872193702e-07,1.0337444870992432,-0.2991211339597069,,800.75,762.75
90.82744455410648,0.27484457302004256,2013-04-09 09:43,9.904119769328983e-07,-35.6480072763466,-0.35559546963083477,,762.75,1263.0
124.16030066049643,0.48551515088183805,2013-04-10 06:46,6.581835680098091e-07,28.40018876470004,-0.2013275843575304,,1263.0,955.0
193.48738743970898,0.3723163810839954,2013-04-10 22:41,6.709694981282198e-07,18.639303985129914,-0.1167867690171569,,955.0,680.0
238.14924906240776,0.3328307818204242,2013-04-11 10:01,8.310546184611728e-07,-31.403680129988636,-0.36258579169028593,,680.0,1213.5
177.1153561200117,0.4429511649626268,2013-04-12 06:14,1.3317188611366747e-06,36.35394606377265,-0.11149525205556543,,1213.5,1241.5
104.85529710280389,0.4464918248340837,2013-04-13 02:56,9.229776477529223e-07,47.94364467242982,0.019824259084948892,,1241.5,832.0
66.89780767548655,0.27978819528895355,2013-04-13 16:48,2.855593195586423e-07,-48.892213609919025,0.16205690126633954,,832.0,763.0
178.41642384972147,0.3506326694890352,2013-04-14 05:31,5.53106219662553e-07,49.04330160241769,-0.14382029082771197,,763.0,1368.5
94.58369160682196,0.48396834680170286,2013-04-15 04:19,8.920111837703369e-07,66.61467617109471,-0.10045733023397219,,1368.5,1476.5
100.8960633697825,0.5141994847751145,2013-04-16 04:56,1.150816612753114e-06,70.25491733165616,-0.15838426738460498,,1476.5,1458.75
136.2171419968763,0.5124052533622793,2013-04-17 05:15,9.024393363727707e-07,73.46861371419189,-0.16724020320768318,,1458.75,756.25
121.22793420408925,0.38534711639416247,2013-04-17 17:51,6.573592000626474e-07,-30.692196176895482,-0.1713622103851744,,756.25,735.0
133.76743787659507,0.35090032655474107,2013-04-18 06:06,5.090062350239732e-07,66.80295134673281,-0.22743989230070127,,735.0,782.0
151.40157345407715,0.3513396919928103,2013-04-18 19:08,5.219913866306026e-07,-32.89994985616936,-0.19225270230315417,,782.0,746.5
127.12327347635437,0.33379896512875956,2013-04-19 07:34,4.845041200841109e-07,43.86642399018282,-0.3104128248216611,,746.5,816.5
144.43389820975426,0.3073250308346663,2013-04-19 21:11,7.516040315829282e-07,-40.93173476984219,-0.10216970126224822,,816.5,734.25
204.01224176215692,0.30524597095548717,2013-04-20 09:25,6.394222332430738e-07,10.097300854588157,-0.27428533160157276,,734.25,1320.75
103.48299945539111,0.4659110292219945,2013-04-21 07:26,8.087752457653273e-07,29.841739651573988,-0.16214356814926134,,1320.75,788.75
131.1380932762404,0.341589515597055,2013-04-21 20:35,6.213128590288262e-07,-12.744309365210075,-0.09354581863555822,,788.75,794.75
173.4909787808101,0.32237327903324814,2013-04-22 09:49,6.973813592112471e-07,-10.702401849373743,-0.12029533687225324,,794.75,1240.0
151.12862758185656,0.45541744850197574,2013-04-23 06:29,8.60725190222952e-07,1.2340598547441728,-0.17867063365714542,,1240.0,895.0
112.29856234785984,0.3451341634475587,2013-04-23 21:24,6.842377013145927e-07,2.930646494881819,0.013921967260929424,,895.0,1795.0
163.60520596406786,0.542533280000498,2013-04-25 03:19,1.3186883140231896e-06,51.8950850472994,-0.023140767046459843,,1795.0,1365.25
59.76084603978961,0.4803962593214237,2013-04-26 02:05,1.4936934000757404e-06,60.61016549357379,0.17920443586571722,,1365.25,1441.25
59.95837922595456,0.46948637546787114,2013-04-27 02:06,1.2643500150278114e-06,66.09581241564926,0.22046146838428626,,1441.25,543.75
46.52183651505766,0.30303719982718275,2013-04-27 11:10,1.0489222781604382e-06,-91.29274845372619,-0.30879988988122875,,543.75,941.25
85.23533088953627,0.36981700898710795,2013-04-28 02:51,5.060485053104737e-07,74.58053166807626,0.1915516919655218,,941.25,620.0
36.50373857204613,0.27461946687011124,2013-04-28 13:11,8.978021671106959e-07,-103.62825678993958,-0.09030150846616891,,620.0,960.0
120.59113233366588,0.3957294542706222,2013-04-29 05:11,4.676630894597054e-07,82.53105941717455,-0.007903201459249942,,960.0,1428.5
81.58182007415235,0.47323668235427857,2013-04-30 04:59,1.118617634537106e-06,71.01625295103754,0.011119379693063536,,1428.5,560.0
79.2330948005474,0.28370042219466995,2013-04-30 14:19,9.973255126002238e-07,-72.0631227521037,-0.2360860016245212,,560.0,907.5
306.5156957418185,0.35766095401534886,2013-05-01 05:27,4.6474428348537576e-07,56.040695199527214,-0.06808750654236917,,907.5,760.25
18.88546497486459,0.261159640661693,2013-05-01 18:07,7.968542937100264e-07,-77.53497668244755,0.014553461726571015,,760.25,798.75
156.1260259996743,0.32202677718790557,2013-05-02 07:26,6.131643176390467e-07,25.105061853012472,-0.13237924020618586,,798.75,1291.0
120.34040062850181,0.4681358045490924,2013-05-03 04:57,7.120719251273104e-07,44.15127042656861,-0.21181984465145476,,1291.0,700.0
126.64899992656501,0.3506529076087948,2013-05-03 16:37,5.311509353334548e-07,-10.433719725648494,-0.25816961381199643,,700.0,779.0
109.83301376789314,0.3349990647548111,2013-05-04 05:36,4.923060232989544e-07,33.364311806962476,-0.30432210297277607,,779.0,786.0
147.2973618665128,0.3328384083506535,2013-05-04 18:42,6.140804501342819e-07,-15.448334439231237,-0.28135253359172463,,786.0,699.0
178.06474160868675,0.3059810027940936,2013-05-05 06:21,6.075154410825741e-07,18.934263813778486,-0.38383765991543406,,699.0,846.0
185.7320394294038,0.3163392782274362,2013-05-05 20:27,6.378691126833307e-07,-14.68821660740085,-0.21312248243479637,,846.0,695.0
71.53767271251127,0.2723781768872868,2013-05-06 08:02,8.565943121230151e-07,-21.861003580254152,-0.4382409969502987,,695.0,1045.25
22.21350983307275,0.29744044503361994,2013-05-07 01:27,1.0537762646736729e-06,15.542869209722394,0.24696872830278327,,1045.25,1264.75
96.75131768099163,0.4210149778906877,2013-05-07 22:32,1.0111121231169403e-06,12.774097599496484,-0.08043857442732616,,1264.75,628.75
60.83809906762326,0.284929617921686,2013-05-08 09:01,9.341927658070035e-07,-39.372094124067615,-0.4297725198671962,,628.75,1166.25
49.055400487104635,0.3933265116259766,2013-05-09 04:27,1.3233080091909911e-06,43.97401125347709,-0.027348658425914607,,1166.25,1355.0
110.7048540831056,0.4753991900239877,2013-05-10 03:02,1.2631896360921704e-06,47.91439252488407,0.027873473114091496,,1355.0,1425.0
89.83789940826682,0.4886232223046439,2013-05-11 02:47,1.0631212254845503e-06,55.98415519422204,-0.008473942721604288,,1425.0,602.75
48.92251123348615,0.294073659053538,2013-05-11 12:50,1.073747167299744e-06,-76.99723797116846,-0.09584919676633064,,602.75,892.25
103.09345880938054,0.3709571558283642,2013-05-12 03:42,4.907015228070258e-07,60.908199678425376,-0.07752449811251338,,892.25,1420.0
79.12663232464183,0.4921891513780186,2013-05-13 03:22,8.323009487476455e-07,68.75132824266795,-0.08442136604313077,,1420.0,651.25
41.04746439759765,0.29861717731061316,2013-05-13 14:13,1.1623304536719226e-06,-60.102196583876854,-0.0728840564763793,,651.25,888.5
77.73931450867167,0.366169206155367,2013-05-14 05:02,4.3887751257172463e-07,59.07136667041699,-0.21356357566861917,,888.5,1396.25
128.6300593481792,0.4984328805973443,2013-05-15 04:18,1.0105312119131442e-06,72.26242622202336,-0.16033831595751735,,1396.25,1489.0
123.14835025184948,0.5114367774610097,2013-05-16 05:07,1.1347856603989534e-06,66.30428381089976,-0.22110528386194517,,1489.0,1425.0
78.56129199924577,0.4927664572817527,2013-05-17 04:52,1.2043959607026918e-06,68.44111608431422,-0.12701817065288878,,1425.0,1495.0
116.65388984789388,0.4915262103531859,2013-05-18 05:47,9.050399191100624e-07,53.53679797205901,-0.17286287911191778,,1495.0,925.0
59.68947076255063,0.3595508490422314,2013-05-18 21:12,8.959850995023416e-07,-18.775381182018858,-0.022901598114499322,,925.0,625.0
147.84874091901656,0.3078423278178282,2013-05-19 07:37,5.08839244787136e-07,19.624665162513427,-0.2517967228357705,,625.0,1006.0
121.80959881150557,0.34268714779803605,2013-05-20 00:23,1.300325124186893e-06,3.124170866329957,0.08544690837179636,,1006.0,891.75
15.523283713791898,0.2854837877360599,2013-05-20 15:15,6.176016625254606e-07,-18.88576022273154,0.13233438761028538,,891.75,812.5
94.21621971694549,0.34919153557469446,2013-05-21 04:47,5.642199263854488e-07,8.621332572555582,-0.11870809231902335,,812.5,1229.75
76.45143620216913,0.41631743991213926,2013-05-22 01:17,1.5192621109733982e-06,39.5613826347724,-0.027468879305022398,,1229.75,1455.0
78.37596061968725,0.47671941492687137,2013-05-23 01:32,1.4906217585149377e-06,61.45950122412766,-0.006644312862235324,,1455.0,1395.0
58.13595290901503,0.45119577818453155,2013-05-24 00:47,1.3431071884444932e-06,72.69578959894073,0.158629528006621,,1395.0,1455.0
59.30838255737399,0.4623933358355619,2013-05-25 01:02,1.1621154500881261e-06,78.2187656234736,0.2168317796564665,,1455.0,564.75
36.96717218896083,0.3063469481979458,2013-05-25 10:27,1.0083950394804505e-06,-107.01667664977128,-0.3175484136055289,,564.75,903.0
58.466766366636875,0.32343352141712484,2013-05-26 01:30,5.405754984333373e-07,78.72202768522078,0.22768941379283092,,903.0,577.25
56.564906022704236,0.3340283270930134,2013-05-26 11:07,8.594213473113586e-07,-106.43024528497608,-0.3765868083743058,,577.25,1005.0
91.19805522090246,0.3654336200391602,2013-05-27 03:52,6.597611661218691e-07,91.30345404038897,0.09171806224551204,,1005.0,560.25
34.5901300650803,0.2838485216901366,2013-05-27 13:12,1.0331167257000716e-06,-118.6685852558234,-0.122123056103554,,560.25,996.5
93.6035541588717,0.3813924283992189,2013-05-28 05:49,5.938898971455272e-07,77.9330457308603,-0.0533628024278201,,996.5,1350.0
66.037014160338,0.44008765567317215,2013-05-29 04:19,1.0664795364394476e-06,54.44805153033596,0.02308868872972525,,1350.0,532.0
85.23998105238206,0.2905498773883058,2013-05-29 13:11,8.583254476748461e-07,-55.59484769441896,-0.36883147498198454,,532.0,914.0
71.76895049802624,0.3391868658363819,2013-05-30 04:25,5.431575665054537e-07,37.001971249079084,-0.09834859694055709,,914.0,576.0
111.35307494090739,0.26412444734887686,2013-05-30 14:01,7.427897385640391e-07,-35.188975459469724,-0.2917798254920996,,576.0,883.0
93.44404857376503,0.3461148290662095,2013-05-31 04:44,5.817208028380389e-07,24.893640886850605,-0.22636570086962315,,883.0,1385.0
95.42929319508403,0.469522159723662,2013-06-01 03:49,7.543013544776425e-07,40.57339536625195,-0.24661298710006463,,1385.0,830.0
227.04634958883616,0.3409807751158951,2013-06-01 17:39,5.125779104276773e-07,-17.972832631617976,-0.18769789244445612,,830.0,670.5
368.2441613475203,0.31462510919664055,2013-06-02 04:49,4.86670275283606e-07,28.855051161213517,-0.3475587728027918,,670.5,904.0
84.51657928551867,0.3267618017174148,2013-06-02 19:53,6.287502091805246e-07,-10.352887265336062,-0.10980111142233717,,904.0,626.5
131.0749163120272,0.28650784005973645,2013-06-03 06:20,6.922394905837863e-07,-0.786341253357302,-0.4556199560339438,,626.5,1004.0
201.9447619309176,0.34406269520695787,2013-06-03 23:04,1.283147850353329e-06,8.435671527034264,0.1218690903623898,,1004.0,1380.0
95.15849646559218,0.4456830519241824,2013-06-04 22:04,1.008618678122589e-06,22.15120352871931,-0.058122327284376496,,1380.0,568.5
75.8394373381634,0.27755218003828,2013-06-05 07:32,8.564395000124625e-07,-17.768460464668713,-0.46716533810610983,,568.5,977.5
110.10917848898316,0.3430853156775508,2013-06-05 23:50,7.095192635756802e-07,35.62933417963606,0.0077512637510288585,,977.5,655.0
25.74370829437612,0.281949156531482,2013-06-06 10:45,1.033525939442576e-06,-84.64385211556424,-0.22122856960079673,,655.0,1049.0
114.00998197606896,0.39187930604384746,2013-06-07 04:14,8.259632586852092e-07,46.799809130701256,-0.0824613806207708,,1049.0,1315.0
68.06881818774855,0.4366002743651431,2013-06-08 02:09,1.0566657988336598e-06,56.194779947807405,-0.016275241354431813,,1315.0,654.5
36.88798675613725,0.2783637935547934,2013-06-08 13:03,1.046855058649558e-06,-89.73299900649887,0.014392083937224243,,654.5,859.0
91.44180496590707,0.34025488423988764,2013-06-09 03:22,5.617268157318021e-07,58.67604110428317,-0.06614747090545237,,859.0,1421.5
81.26910682427479,0.4825783411336791,2013-06-10 03:04,9.528710005854239e-07,63.211374663202804,-0.07621192950622202,,1421.5,830.0
71.6582622142596,0.25030043803417357,2013-06-10 16:54,3.813819754919871e-07,-54.140661895632036,0.281225236914473,,830.0,750.0
108.05693418878946,0.33949882070252596,2013-06-11 05:24,5.323249282821099e-07,45.997421291142565,-0.1825550408604748,,750.0,1330.0
121.14401963139244,0.4815337269562103,2013-06-12 03:34,9.70773393510784e-07,64.31768843767865,-0.12740837634017765,,1330.0,726.0
25.243323982158472,0.29029640924272826,2013-06-12 15:40,1.1078630162286514e-06,-56.90403605679174,-0.005967733530486186,,726.0,774.0
109.57200475992067,0.3402277741891642,2013-06-13 04:34,4.988293663415654e-07,56.2844292710877,-0.1952289113678667,,774.0,1430.0
82.42590216095778,0.4811816823857953,2013-06-14 04:24,1.102139386463721e-06,58.49872642899033,-0.15521645270172968,,1430.0,1430.0
74.36579485492985,0.47200158446018275,2013-06-15 04:14,1.1652419534690162e-06,54.80983508188859,-0.07267599681193815,,1430.0,1415.0
72.25511290944269,0.4462217194304685,2013-06-16 03:49,9.749147678715188e-07,41.721702530897005,0.033015412703733205,,1415.0,980.0
101.58011154169799,0.39249047602303716,2013-06-16 20:09,8.590296766583901e-07,7.370930836081799,-0.017546256001899074,,980.0,629.5
106.7292752529333,0.31006834033707326,2013-06-17 06:38,4.546048227329075e-07,11.72730875655371,-0.16495578836833946,,629.5,885.5
343.9418911389459,0.34278152929618955,2013-06-17 21:24,5.382465351245037e-07,25.878048257389263,-0.02441183846857875,,885.5,678.25
102.4077394901542,0.28777918549167225,2013-06-18 08:42,8.005140579932857e-07,-25.519571464047917,-0.14647481298809772,,678.25,1026.75
90.41326854192448,0.3790640758743393,2013-06-19 01:49,1.0275490994332089e-06,25.372195667035246,-0.16092819216481047,,1026.75,1335.0
73.11047747731209,0.4447194729388381,2013-06-20 00:04,1.1395496152740515e-06,62.997817861306814,-0.053536556245891376,,1335.0,1435.0
39.08252837243708,0.4584096682568391,2013-06-20 23:59,1.2091529641526943e-06,79.64684369221516,0.06327196450118322,,1435.0,563.5
34.06370522632642,0.2841234248286734,2013-06-21 09:22,1.0346383131963833e-06,-94.42303600642111,-0.16571819482062722,,563.5,951.5
70.23905936242954,0.3604064743388638,2013-06-22 01:14,4.678974881047278e-07,92.67763849506933,0.06665521425554033,,951.5,1475.0
57.831164609142434,0.47518163837473065,2013-06-23 01:49,9.913133643368e-07,95.76243664069578,0.13507883190987968,,1475.0,503.5
45.02175817411626,0.3056359475570692,2013-06-23 10:12,1.0169170413613833e-06,-108.25795703708741,-0.40187450035835326,,503.5,976.5
67.84327270919675,0.3553852050245041,2013-06-24 02:29,5.715662940304309e-07,90.010502295004,0.17449238563160208,,976.5,576.0
42.565441461429145,0.29958276159353164,2013-06-24 12:05,1.0142794809582127e-06,-126.3439138570472,-0.17634571817968236,,576.0,1024.0
82.75239306849471,0.3819798859864629,2013-06-25 05:09,5.305138684177472e-07,86.92483000379518,-0.030382400957407185,,1024.0,1370.0
62.02160634698885,0.432672990684902,2013-06-26 03:59,1.193739520367226e-06,55.841381159067936,0.1419301462682867,,1370.0,497.0
77.22500101166588,0.2763960518980942,2013-06-26 12:16,8.637018601785395e-07,-70.3264541039603,-0.4385487862963515,,497.0,1029.75
72.25475929481036,0.3516153618087022,2013-06-27 05:25,8.122355646728218e-07,34.25992776641494,0.08442777282108338,,1029.75,552.75
16.429965524985164,0.19654951837583212,2013-06-27 14:38,9.10687627508954e-07,-75.82218965558528,-0.16287851027912836,,552.75,972.25
120.0132719531658,0.33503730748039245,2013-06-28 06:50,1.082575399635854e-06,6.5635634080017065,0.049910479450332446,,972.25,1165.0
108.17540455255948,0.4436514315370005,2013-06-29 02:15,7.316801821126366e-07,33.29649481035389,-0.2092375280795089,,1165.0,770.0
75.11236095714412,0.31491359833453314,2013-06-29 15:05,5.627501309318678e-07,-12.887426815326675,-0.13721260290754245,,770.0,756.75
117.78595029486314,0.3312482772860676,2013-06-30 03:42,5.219890582205836e-07,20.74844717031784,-0.3119482640431368,,756.75,1128.25
32.63942662300542,0.33533416683203543,2013-06-30 22:30,1.3215015633515134e-06,17.6714092243786,0.22532352291301194,,1128.25,1344.25
94.18246277436992,0.44195811164099724,2013-07-01 20:55,1.1633956227856082e-06,10.830392444563081,0.0038005184995650865,,1344.25,570.0
118.14395487062575,0.28338386296818496,2013-07-02 06:25,6.517609692092263e-07,-18.431756656662184,-0.44966946386955264,,570.0,900.75
75.75445208135837,0.3343284806340105,2013-07-02 21:25,5.856415602662363e-07,25.364814220671185,-0.057271279012745424,,900.75,627.75
33.93654485929195,0.2613659685076628,2013-07-03 07:53,8.918663855246836e-07,-45.71531280765568,-0.4417151643134929,,627.75,937.25
126.59309217289774,0.32952179938729387,2013-07-03 23:30,6.823412864226226e-07,34.0549048518369,0.0024815014323849027,,937.25,1465.0
196.9698865003496,0.4803482641388352,2013-07-04 23:55,1.2322452049974926e-06,42.89067781199035,-0.031261977181596734,,1465.0,594.25
50.186579049865635,0.31050227415269344,2013-07-05 09:50,1.0357361156318922e-06,-71.22229471449285,-0.3474207645233278,,594.25,937.0
89.04156429089198,0.3526893441869308,2013-07-06 01:27,6.55905656807447e-07,48.71991306561116,-0.009373680095290382,,937.0,1453.75
72.73508076386254,0.4642855909801761,2013-07-07 01:40,1.124149281741166e-06,53.607710088016816,-0.023682897778684264,,1453.75,637.75
50.100029405075475,0.30385024340810357,2013-07-07 12:18,1.1034727106477778e-06,-89.45520844568627,-0.09841914802495921,,637.75,887.25
110.72228470911796,0.35294144187355414,2013-07-08 03:05,5.060530238523918e-07,53.81537753406895,-0.034897196116055795,,887.25,1430.0
111.60771062124695,0.468898298920572,2013-07-09 02:55,1.0292865226942905e-06,53.9787462539327,-0.043840060415966775,,1430.0,590.75
82.73398939338222,0.280224140940441,2013-07-09 12:46,8.790776724957594e-07,-73.55427616857601,-0.1456725210332266,,590.75,884.25
81.0626025628153,0.3370833889768821,2013-07-10 03:30,5.661349907583958e-07,50.2705008339712,-0.07025724044113346,,884.25,1435.0
63.03555461068754,0.45506228293137,2013-07-11 03:25,1.0202424627927827e-06,48.58361833729912,-0.08148130675557752,,1435.0,1465.0
71.29765626876906,0.48088041226146744,2013-07-12 03:50,1.1367650157115137e-06,44.17867257688434,-0.09703504237846161,,1465.0,1445.0
75.95873948415498,0.47363858598295006,2013-07-13 03:55,1.1474621924661535e-06,39.92923569399703,-0.0733030975948239,,1445.0,1395.0
56.30558810252842,0.45167059007217175,2013-07-14 03:10,1.1909148292916663e-06,31.403792702612886,0.032010378286887686,,1395.0,1030.0
89.22755283138638,0.40005556460043107,2013-07-14 20:20,1.0335209747430236e-06,10.097602072833483,-0.05069023229998759,,1030.0,730.0
88.24826851230075,0.3007891805383325,2013-07-15 08:30,1.0031630543321303e-06,-18.593457989308693,-0.21485960590798214,,730.0,825.0
117.40602765802275,0.3233536045590881,2013-07-15 22:15,5.91921439511526e-07,18.388128517489182,-0.12286289748377044,,825.0,1380.0
71.90088460425613,0.4603866744437255,2013-07-16 21:15,1.0985270052601882e-06,47.15158668754688,-0.08803015360811273,,1380.0,880.0
259.9923322464474,0.30403097489397624,2013-07-17 11:55,3.36110741047318e-07,-48.55182954796979,0.0628461896899708,,880.0,815.0
114.6738765318878,0.3531541800309372,2013-07-18 01:30,8.940426977068157e-07,26.883821501579842,-0.23628857979787732,,815.0,1319.25
99.33065302922581,0.44143154770219034,2013-07-18 23:30,9.272179115454663e-07,72.64578091703946,-0.07697375639356352,,1319.25,1464.5
73.45279097455204,0.45302751729711116,2013-07-19 23:54,1.2318986996506215e-06,82.59906569379753,0.024147318703768406,,1464.5,1532.75
29.079719020273842,0.4606402446843276,2013-07-21 01:27,1.1956702104566202e-06,88.4921459753855,0.03930421621528524,,1532.75,457.75
34.08896852432008,0.2882842762846849,2013-07-21 09:05,9.375183955042153e-07,-91.84310147961295,-0.42436209013614246,,457.75,994.75
81.3468470565983,0.3482873797017549,2013-07-22 01:39,4.951278605951205e-07,82.31056931864511,0.16820412792299066,,994.75,566.25
31.791780144080153,0.29334915851775023,2013-07-22 11:06,9.948818428693548e-07,-119.32655371532897,-0.19794893127875923,,566.25,1003.0
61.95348608249333,0.36074682108301204,2013-07-23 03:49,5.906267688909759e-07,84.79320783875619,0.08722668625243557,,1003.0,1270.25
47.80423057218286,0.3949616404182355,2013-07-24 00:59,1.6405080714055144e-06,25.85623855838189,0.122335957042365,,1270.25,571.75
108.16851006728636,0.3186519782563361,2013-07-24 10:31,9.149368269970407e-07,-48.362792361750614,-0.5640100116290085,,571.75,1021.5
32.63100671122629,0.3253943727868318,2013-07-25 03:32,1.1450742431519659e-06,24.926557625792604,0.20447173558726384,,1021.5,535.0
41.2866482458464,0.21505350550121097,2013-07-25 12:27,7.211423455904434e-07,-64.10627093009104,-0.3327216792125647,,535.0,1308.75
131.20642791616774,0.4801317952296813,2013-07-26 10:16,8.009921581870115e-07,10.494443973075882,-0.26308312019974434,,1308.75,770.0
138.1087788102559,0.33605780151022674,2013-07-26 23:06,5.215604690024424e-07,33.119157404063984,-0.10434362016784604,,770.0,777.75
115.9118098919862,0.34733577919299324,2013-07-27 12:04,5.29895602829573e-07,-2.2621009533456555,-0.1368054148556077,,777.75,790.0
115.45151999300288,0.3342294111159087,2013-07-28 01:14,5.153895052000093e-07,21.756221646985267,-0.2073425760113956,,790.0,1455.0
109.64807751794069,0.4674573842639802,2013-07-29 01:29,1.0318157272952507e-06,29.90299297307511,-0.1494059590967236,,1455.0,1040.0
66.41152301343027,0.37442231216846267,2013-07-29 18:49,8.991121201120307e-07,17.881748380108604,-0.036190925866941726,,1040.0,590.0
126.08429510250062,0.30585521034663543,2013-07-30 04:39,4.81438956612978e-07,-3.829277887153313,-0.34020431175143284,,590.0,920.0
85.59445257700149,0.34885872078170493,2013-07-30 19:59,6.071233371462743e-07,29.622872388801234,-0.09294896311212852,,920.0,598.5
108.45986919457937,0.2661621838255087,2013-07-31 05:57,6.94351168309466e-07,-16.415266598392204,-0.39531036261151087,,598.5,881.5
100.8278975282883,0.37070065399748275,2013-07-31 20:39,6.133390664678819e-07,39.00372789235162,-0.1379809728396708,,881.5,643.25
98.75598749078927,0.2886748816061299,2013-08-01 07:22,7.992408155139756e-07,-36.53912599972309,-0.4245288286300166,,643.25,836.75
136.36862274222221,0.3469030435924651,2013-08-01 21:19,5.260674841647021e-07,45.1174538496002,-0.15421042829726517,,836.75,724.5
30.9906166521032,0.28081227926595603,2013-08-02 09:23,9.936349573571783e-07,-71.769325193964,-0.32292379363124013,,724.5,959.0
45.978167088047485,0.28633842651033775,2013-08-03 01:22,1.1241468020977248e-06,35.44335589396124,0.030856122393387864,,959.0,1369.25
55.488556977919266,0.4199562883812986,2013-08-04 00:11,1.133996897279844e-06,40.065835558259124,-0.0513831445016244,,1369.25,638.0
23.611319194848573,0.3080752236128319,2013-08-04 10:49,1.045908269996574e-06,-79.25358050447765,-0.2392954841878776,,638.0,1143.0
35.617439102109834,0.3901061940058652,2013-08-05 05:52,1.0150806631649595e-06,32.637949958429246,-0.18934988047277557,,1143.0,1202.25
51.709595638749306,0.397935736963215,2013-08-06 01:55,1.0684727443241454e-06,40.65146298142011,0.016220352858230314,,1202.25,656.0
22.860169282915496,0.2779160990256868,2013-08-06 12:51,1.1018231036376085e-06,-78.12845567038661,-0.020046132022777385,,656.0,921.5
70.12667307375523,0.3415139947966155,2013-08-07 04:12,5.732786325022187e-07,39.858496970753,-0.004544017531650013,,921.5,1385.0
42.23381657121536,0.43891989371331874,2013-08-08 03:17,1.156255921186628e-06,34.01472753395996,0.015069268108618417,,1385.0,1587.5
59.342298516598284,0.45565310908464846,2013-08-09 05:45,1.0528652226199057e-06,23.602670924696913,-0.08120993224793693,,1587.5,1255.0
18.412585010550433,0.40777533864768756,2013-08-10 02:40,1.6741114072354453e-06,20.10706371285888,0.03315648381043701,,1255.0,952.25
88.81280883470026,0.3484372880904832,2013-08-10 18:32,5.670590258729228e-07,3.0978420535535283,0.02485497499636402,,952.25,862.75
22.4676845236354,0.2990283923900279,2013-08-11 08:55,1.0963013811159307e-06,-15.91321538275765,-0.13291679911801868,,862.75,797.5
82.87026626268926,0.3241720103583897,2013-08-11 22:12,5.368049608558045e-07,-1.4665035325397795,-0.0933327714238038,,797.5,1337.5
48.59976268504397,0.44415395622490905,2013-08-12 20:30,1.0304173446158767e-06,25.167028652536445,-0.1698846902045723,,1337.5,877.5
16.29593348778144,0.30971405433309784,2013-08-13 11:07,1.0703924263596642e-06,-36.15957186475762,0.04505673443975411,,877.5,643.5
151.02317106481678,0.316126890880696,2013-08-13 21:51,5.708824062204209e-07,27.936309089004457,-0.23070429699177275,,643.5,1386.5
53.26528615191429,0.4516538260961949,2013-08-14 20:57,9.737208838433792e-07,58.218952250282626,-0.15102433365234091,,1386.5,734.75
17.61939871919042,0.29051622150914874,2013-08-15 09:12,1.1220299878697976e-06,-56.26904113854781,-0.0371597152959815,,734.75,801.25
74.3693075911038,0.3329480687971227,2013-08-15 22:33,5.519192631583074e-07,57.935139440171376,-0.1619816736255224,,801.25,1461.5
39.06120502695558,0.45948149522397824,2013-08-16 22:55,1.1610587438406615e-06,65.60270551050517,-0.06488900165633993,,1461.5,617.5
18.31672001269908,0.28339007166505326,2013-08-17 09:12,1.0611858849667138e-06,-87.74245243163928,-0.10107034346490451,,617.5,937.5
58.236808240108076,0.33744147096876986,2013-08-18 00:50,5.248610975896339e-07,65.86694482677339,-0.015348331394015702,,937.5,1465.0
26.908167176603456,0.4220248753961641,2013-08-19 01:15,1.2692794679413107e-06,65.26103109100538,0.11478584093553934,,1465.0,1450.0
18.163678807555698,0.42382265140186065,2013-08-20 01:25,1.5825610768940146e-06,50.63637609522452,0.22997353885606842,,1450.0,512.5
41.43385708788992,0.29211489733424967,2013-08-20 09:57,1.026437281902984e-06,-80.87964735577928,-0.4035216791097085,,512.5,872.5
30.01157420988602,0.2544193742040079,2013-08-21 00:30,1.1097505715373565e-06,10.929135418518376,0.1742282200245704,,872.5,610.0
39.96791880053934,0.29248620726381586,2013-08-21 10:40,9.675996010493303e-07,-70.62696699321361,-0.3838016293626154,,610.0,760.0
89.67273435096104,0.2599397362646414,2013-08-21 23:20,6.184324783382067e-07,-10.28779479484131,-0.11096167125160505,,760.0,665.0
71.30867624131497,0.29673644246455905,2013-08-22 10:25,9.012031556733994e-07,-32.258032196427585,-0.4483633526752122,,665.0,735.0
97.63683603141544,0.27857974685321096,2013-08-22 22:40,6.679529462090761e-07,-2.357297879166987,-0.2628258387566089,,735.0,745.0
121.42300538542258,0.3217347158570192,2013-08-23 11:05,6.538853810236832e-07,-18.23293517497454,-0.33411440512525914,,745.0,738.5
114.50304486179448,0.2829883492231602,2013-08-23 23:23,7.177027468447273e-07,-5.069845025650836,-0.2726042218084759,,738.5,787.5
109.8270586909166,0.299757137800043,2013-08-24 12:31,7.064777649291821e-07,-12.904545473722429,-0.15751026414993596,,787.5,862.5
35.145239683206455,0.3099212838205858,2013-08-25 02:53,1.2036050227201468e-06,-36.0739731269213,-0.08656487869363971,,862.5,1300.0
60.5551275399921,0.4230412643373711,2013-08-26 00:33,1.0506029845513384e-06,3.6681202772031978,-0.20748725375783672,,1300.0,1191.5
38.27770022970071,0.38205997246162343,2013-08-26 20:25,1.4427506717562855e-06,24.731112467888654,-0.0022011719558374665,,1191.5,1445.0
39.31972352529556,0.44452346926846076,2013-08-27 20:30,1.0763022140318567e-06,25.21688404906689,-0.07715491291732413,,1445.0,586.0
82.88756022458256,0.28216405856073834,2013-08-28 06:16,6.642436145979457e-07,-44.159003976567554,-0.2604014687780527,,586.0,821.5
82.70587877595972,0.3390131623382331,2013-08-28 19:57,5.607693825074495e-07,35.825610435494,-0.17395023511772578,,821.5,617.5
118.07168286666638,0.30188543159601977,2013-08-29 06:15,5.307542862632541e-07,-30.232357625028648,-0.3389790030888644,,617.5,855.0
89.02583806760958,0.335767913114978,2013-08-29 20:30,5.710728196176149e-07,38.507995796645304,-0.2142910315991884,,855.0,645.0
98.18147484125802,0.2786165479628835,2013-08-30 07:15,8.172001172537433e-07,-37.21230706883589,-0.3742209303445563,,645.0,874.0
70.67808061973483,0.31273204035242086,2013-08-30 21:49,6.007623533009864e-07,29.4631881513318,-0.19004434124869007,,874.0,724.5
25.200258213153575,0.26967567391277825,2013-08-31 09:53,8.633086735817259e-07,-75.53995526487333,-0.1777803818756567,,724.5,785.25
205.62572978639218,0.29148429305059836,2013-08-31 22:58,8.407039360108806e-07,23.32348387513462,-0.12271232709674784,,785.25,1399.75
119.2947684939827,0.45033172712282976,2013-09-01 22:18,1.01485947407406e-06,31.70971346443124,-0.16351778977080755,,1399.75,730.25
28.365558592777234,0.29429335633592146,2013-09-02 10:28,1.0569768502249316e-06,-66.57352414041436,-0.21214611137524741,,730.25,853.75
64.24008813763066,0.26862899856738903,2013-09-03 00:42,7.438858522577079e-07,19.73586824897679,0.011402464894644027,,853.75,1526.25
19.996541027066996,0.443297559581697,2013-09-04 02:08,1.7136415698681729e-06,21.539828099896845,0.0865229137373067,,1526.25,1393.75
15.29763990646643,0.41580517530383077,2013-09-05 01:22,1.6524299389048785e-06,11.916688395609064,0.07325076942994446,,1393.75,712.5
24.48889553617846,0.3008939525097958,2013-09-05 13:15,1.2171294945466003e-06,-40.538240374149495,0.08122498108225784,,712.5,992.5
68.93646485259524,0.37582921639356454,2013-09-06 05:47,7.223105901452617e-07,23.17772621615136,-0.03387495157678089,,992.5,915.0
71.48479238596337,0.3594250618868197,2013-09-06 21:02,7.243763769765237e-07,-2.517867697454608,-0.10878242486971135,,915.0,827.5
65.03624026947364,0.3183435892763858,2013-09-07 10:50,6.751082056022859e-07,-13.415064547572506,-0.05976426423029313,,827.5,1710.0
17.559267641117913,0.46161951061609824,2013-09-08 15:20,1.8903066087607745e-06,22.78543857082768,0.14270983984178542,,1710.0,1532.5
24.83095748884807,0.4663217950001126,2013-09-09 16:52,1.5457818978923689e-06,47.27288024244651,0.047594130131077605,,1532.5,1516.5
52.20661087607108,0.48365061648655683,2013-09-10 18:09,1.163460457082401e-06,60.110616722328636,-0.06726162307780825,,1516.5,1586.0
51.931992409721715,0.4838258259580471,2013-09-11 20:35,1.1436521670474783e-06,47.54902695306308,-0.25374684553550253,,1586.0,721.5
9.85989753731701,0.30574087975158665,2013-09-12 08:36,1.2626426649532546e-06,-48.46792464534374,0.031233379346126355,,721.5,699.25
400.414127989546,0.36057839953961474,2013-09-12 20:15,4.176652981861915e-07,60.93132627594188,-0.16133330004569757,,699.25,1456.75
76.1049856683773,0.4675473141445157,2013-09-13 20:32,9.690309382526305e-07,57.952598468097506,-0.10628670663420081,,1456.75,504.0
183.37046528380597,0.33409975375656764,2013-09-14 04:56,4.0427846124153483e-07,-31.67926120471219,-0.264203460802225,,504.0,952.5
61.787840380178146,0.34237158585003474,2013-09-14 20:49,4.0003947927343874e-07,46.82969573766649,-0.06627042829235208,,952.5,506.75
222.1334830398458,0.3062531666202833,2013-09-15 05:15,6.077649466989534e-07,-16.281765529154313,-0.3499793815299794,,506.75,988.25
72.76559642361099,0.33539336212561466,2013-09-15 21:44,5.291300375787746e-07,27.73817297900752,-0.02293000492066355,,988.25,586.75
47.36776890536324,0.2717834496256223,2013-09-16 07:30,9.966272163478262e-07,-46.26224572030036,-0.41105405197451717,,586.75,1240.75
120.69207185158302,0.47532300743914674,2013-09-17 04:11,8.18377537553711e-07,47.547089225456695,-0.10744941144181297,,1240.75,880.0
82.94551981873519,0.367558821264538,2013-09-17 18:51,4.4813316352920386e-07,26.367607787455672,-0.16912804344181254,,880.0,659.25
127.709584466058,0.322201649818453,2013-09-18 05:50,4.991522831050501e-07,43.00425886788381,-0.23860587745924988,,659.25,791.75
109.63998236954649,0.3537456795340404,2013-09-18 19:02,5.464281632440873e-07,25.072332110377154,-0.20144374481092342,,791.75,720.0
166.0170284665146,0.33182547698088455,2013-09-19 07:02,5.055094376434581e-07,37.008288553866414,-0.2676379371962767,,720.0,749.0
148.80347989624715,0.339087859573192,2013-09-19 19:31,4.884117722288591e-07,22.644688235075776,-0.24459442093458783,,749.0,785.0
179.53984124360431,0.34148361476836725,2013-09-20 08:36,5.649585161528266e-07,22.78748218644966,-0.27862757584810893,,785.0,712.5
194.95851739719365,0.34076293334655927,2013-09-20 20:29,5.950388822476007e-07,12.835046491639746,-0.31217462302939936,,712.5,848.5
154.95891982763715,0.335520320473006,2013-09-21 10:37,6.596036049172674e-07,8.804558869082385,-0.1862458823662374,,848.5,717.25
205.4493361788409,0.2998530332144583,2013-09-21 22:34,8.2430122795667e-07,-19.68351702257745,-0.3380251459292083,,717.25,1337.75
83.90442156020436,0.4766633746185107,2013-09-22 20:52,1.0410084068133239e-06,18.830833759970453,-0.20881785480513315,,1337.75,1094.0
145.3385757964861,0.41197837578656615,2013-09-23 15:06,1.128941443261626e-06,35.90468342564384,0.02782667533042016,,1094.0,1639.25
133.00245329359313,0.4930733120621881,2013-09-24 18:25,1.0574819292684553e-06,38.597289222162495,-0.12721855610263688,,1639.25,1390.75
136.61646483149525,0.48624305850244126,2013-09-25 17:36,9.000585524615157e-07,54.056736278940875,-0.1576757118651564,,1390.75,642.5
145.06905572558753,0.35563312652229795,2013-09-26 04:19,5.332313795487482e-07,-24.7326246935142,-0.19092153625351393,,642.5,818.5
127.70888731767627,0.3561714917537756,2013-09-26 17:57,4.5726317157349305e-07,59.59152973802332,-0.19814754622679942,,818.5,681.5
135.9691405344929,0.3296691317285877,2013-09-27 05:19,5.505491728497758e-07,-21.390068220771195,-0.24654666463580455,,681.5,815.0
112.62245164405613,0.3435735134611605,2013-09-27 18:54,4.6360847929026696e-07,53.420877567103055,-0.2641887279202102,,815.0,677.5
345.9318947709835,0.32891121079737784,2013-09-28 06:11,5.261649799473097e-07,-20.343705481671943,-0.29009376453929114,,677.5,820.0
130.1542613091442,0.33949289325391874,2013-09-28 19:51,4.989368802196632e-07,42.06351152476181,-0.29356050856249283,,820.0,678.25
215.84183847707027,0.30790155443537515,2013-09-29 07:09,6.953079754730804e-07,-24.294840086232455,-0.3127929175881867,,678.25,815.0
217.57683734613965,0.348365238570841,2013-09-29 20:44,6.721754927175292e-07,28.816716282390942,-0.2776265127622448,,815.0,1415.0
95.80845576136198,0.48259560796723233,2013-09-30 20:19,7.573636535529928e-07,32.62030306977778,-0.22726325087499077,,1415.0,639.25
154.56594755376864,0.33650692702794915,2013-10-01 06:59,5.608059096611637e-07,0.061947275649626085,-0.23306678789994278,,639.25,812.5
329.72394798174355,0.32610564459173474,2013-10-01 20:31,5.43867992638489e-07,21.319748823317873,-0.18469998917835007,,812.5,814.25
117.72394012389123,0.29686188414634673,2013-10-02 10:05,1.071682371696557e-06,-30.972044317250326,-0.1420739634118533,,814.25,1245.0
125.2627277225547,0.46081330444139895,2013-10-03 06:50,7.144215076013736e-07,12.504213953771314,-0.1265470811941709,,1245.0,769.0
120.61794426197594,0.34999511905480174,2013-10-03 19:39,5.551761483831078e-07,1.9876225277321573,-0.15915845471152523,,769.0,796.75
157.28307586348092,0.32389850783220026,2013-10-04 08:56,6.070591146221609e-07,0.03243970402796465,-0.12298316291646516,,796.75,830.0
53.94275810242107,0.2791893128945958,2013-10-04 22:46,1.0413320574801332e-06,-38.884775308087065,-0.055463377971744166,,830.0,1135.0
145.7938048779979,0.44648110218695364,2013-10-05 17:41,6.584746032056201e-07,24.74262720676941,-0.17636815574162235,,1135.0,1235.0
54.858588339229755,0.40073550035303923,2013-10-06 14:16,1.4310341110404764e-06,38.763108132962955,0.16186268802655945,,1235.0,1548.25
72.20588404256705,0.5016950551100308,2013-10-07 16:04,1.3630132170055143e-06,62.81250215686774,0.04102862898707471,,1548.25,1427.75
67.49912906748068,0.4814573565556202,2013-10-08 15:52,1.3627688627743993e-06,69.87785200179404,0.10289317924461017,,1427.75,1477.25
106.78774189954129,0.4930187903024489,2013-10-09 16:29,1.319005081368351e-06,74.77890309490553,0.06370163174480581,,1477.25,1496.75
86.83706123004231,0.49836649908684194,2013-10-10 17:26,1.24059072447357e-06,72.52314663524209,-0.02028817305146191,,1496.75,718.5
21.116152422051528,0.3164514717296697,2013-10-11 05:25,7.817540714549158e-07,-63.756074392058494,-0.014194760984999277,,718.5,806.5
82.77731243664311,0.34119565681321545,2013-10-11 18:51,5.388360449890248e-07,57.59806983756312,-0.12157130600405708,,806.5,1445.0
77.19887956608727,0.4695587436086498,2013-10-12 18:56,8.86914284718146e-07,44.0810754234091,-0.13833731958816387,,1445.0,579.0
144.6314516392158,0.32033653983962723,2013-10-13 04:35,4.5698637806405227e-07,-26.30261057864741,-0.26104327117605663,,579.0,840.25
106.88782202865696,0.35566164764750285,2013-10-13 18:35,4.467049031029406e-07,34.02036821247979,-0.18482122147706193,,840.25,619.0
155.56933917175775,0.3171697050507646,2013-10-14 04:54,5.322348380857464e-07,-5.066642921899941,-0.28229068033425664,,619.0,821.0
138.99118850382365,0.3405134536558762,2013-10-14 18:35,5.114962035099334e-07,24.400348694708835,-0.2513343365538887,,821.0,690.75
180.2650304602721,0.31222653185832316,2013-10-15 06:06,6.106714502134152e-07,-1.0185048563098094,-0.32846668306943827,,690.75,760.0
189.04415396033437,0.32672586807748305,2013-10-15 18:46,5.533027296088826e-07,16.41010690326541,-0.3161111523097233,,760.0,743.25
177.4047775661238,0.33430436861817725,2013-10-16 07:09,5.500282310893468e-07,3.2148507499019097,-0.33294322892365247,,743.25,715.75
222.74608853935206,0.3194614437263226,2013-10-16 19:05,6.359150292482572e-07,9.609237352955539,-0.3705771076913811,,715.75,780.0
190.40154276997782,0.349632935563568,2013-10-17 08:05,6.139916888939085e-07,8.899967350813698,-0.2957433876831592,,780.0,726.0
231.68292834795284,0.3273156465351349,2013-10-17 20:11,8.920413259769078e-07,-13.916160923108132,-0.4349512428065623,,726.0,844.25
257.4675854840898,0.3252339925500564,2013-10-18 10:15,8.307497910986731e-07,0.0031581335544747513,-0.16047930219678364,,844.25,750.0
38.15938437346631,0.27958177028631326,2013-10-18 22:45,1.043266903053082e-06,-67.48465972122656,-0.25844749218475727,,750.0,1165.0
152.9803117512638,0.47774492761818693,2013-10-19 18:10,5.874291998116596e-07,37.721589347706555,-0.1650839147456864,,1165.0,1315.0
127.79130770486518,0.44639962633664254,2013-10-20 16:05,1.5548872783498284e-06,44.10658239659984,0.051261914180020796,,1315.0,1350.0
86.09022204653593,0.4621038169774693,2013-10-21 14:35,1.1618644735638915e-06,48.31245946910134,0.029799501903635672,,1350.0,575.75
80.07700102985837,0.2800428101356374,2013-10-22 00:11,9.906240792358153e-07,-55.250149000613135,-0.21220304281748525,,575.75,913.25
99.29925237919815,0.36707156648335515,2013-10-22 15:24,5.553401541726761e-07,58.61781582024044,-0.034603429244295825,,913.25,1481.75
107.02706486157695,0.49654065248032564,2013-10-23 16:06,9.606786765505137e-07,64.10899665398755,-0.10633817896949438,,1481.75,1459.25
118.39833041270322,0.5020521166239632,2013-10-24 16:25,1.0037561037028666e-06,68.70978062927591,-0.14271679639166734,,1459.25,774.75
98.95974153547286,0.3452841683902079,2013-10-25 05:20,1.1218658706941163e-06,-43.70276300530714,-0.11457982097471131,,774.75,729.25
115.31260922265938,0.35313587595010176,2013-10-25 17:29,4.5058310376707037e-07,61.76937615979193,-0.2433319535618388,,729.25,755.75
127.39428938300262,0.32944793162459973,2013-10-26 06:05,6.225016474053994e-07,-37.60287062443598,-0.1662044224018402,,755.75,726.0
155.02781359136134,0.32387940519547553,2013-10-26 18:11,4.73887771703895e-07,54.321816746348816,-0.29179569029999186,,726.0,944.0
67.60794762131263,0.3070623969571898,2013-10-27 09:55,1.118615987774573e-06,-44.495952517315565,0.12813693841470908,,944.0,687.0
91.03965824493935,0.2726612030644901,2013-10-27 21:22,8.807500503129805e-07,-5.291872471479002,-0.26458904146752404,,687.0,1275.0
85.44391662729322,0.4528649141051574,2013-10-28 18:37,6.048890386504509e-07,44.52686315532653,-0.23632489850254856,,1275.0,779.0
373.6008059132655,0.35763295408687557,2013-10-29 07:36,5.338369710335218e-07,-12.748640415750396,-0.17137980240185247,,779.0,724.0
160.50237640592968,0.32693649266439023,2013-10-29 19:40,4.82384523090079e-07,20.381036335030416,-0.25378339745799927,,724.0,1379.25
94.56302448262431,0.4726566172321327,2013-10-30 18:39,8.418723258505742e-07,18.421434135544303,-0.1554547511588673,,1379.25,806.75
133.98710484154435,0.3486019266099902,2013-10-31 08:06,5.478741101717149e-07,5.593346725031456,-0.062475502604216526,,806.75,705.0
175.97635600934154,0.30692757542419713,2013-10-31 19:51,6.825339685412609e-07,-12.18585602042791,-0.20770412617889988,,705.0,1253.25
75.14397942616779,0.4410698276507901,2013-11-01 16:44,7.637532393679395e-07,19.58989684257968,-0.17186456158751895,,1253.25,1167.75
82.28172060222278,0.3898224116739584,2013-11-02 12:12,1.5128312496635325e-06,36.126478849698884,0.13227529739675958,,1167.75,1600.0
115.64421635037434,0.5120228065177799,2013-11-03 14:52,1.2500633108158043e-06,66.23156883338095,0.009461162958920966,,1600.0,1379.0
83.09429274819558,0.4764626500400482,2013-11-04 13:51,1.3006450302007264e-06,70.39797775891165,0.17782980793709413,,1379.0,683.25
53.3460951416273,0.2817523009405704,2013-11-05 01:14,3.886096809543191e-07,-93.53075898681432,0.18346058836622348,,683.25,912.75
110.96162960318907,0.3946086359763285,2013-11-05 16:27,5.86535018508956e-07,86.04848915187627,-0.07152313771465657,,912.75,1393.25
97.47226445028355,0.47022111260448585,2013-11-06 15:40,1.1244691817736938e-06,83.62107036034905,0.09264888793381232,,1393.25,565.75
37.061733938986436,0.27646597793791444,2013-11-07 01:06,9.141737074864938e-07,-92.09965830694982,-0.14570838449495938,,565.75,961.0
110.93619699269766,0.37682310020318255,2013-11-07 17:07,4.895534177930778e-07,76.5967833854883,-0.03132244878846535,,961.0,1443.0
78.98337017356243,0.47228940212517045,2013-11-08 17:10,1.2354368143095494e-06,61.844208808648915,-0.046366468044357845,,1443.0,646.0
28.014669993164716,0.28823219060723204,2013-11-09 03:56,1.1264041421287587e-06,-71.43405836304517,-0.09679883270582224,,646.0,820.0
87.39881938544568,0.33148698092845735,2013-11-09 17:36,5.082402411783981e-07,43.393959586232214,-0.124640376308367,,820.0,1395.0
111.41519198760943,0.46669491576321886,2013-11-10 16:51,8.841925674715462e-07,39.45510702964655,-0.19032128183333086,,1395.0,658.25
92.42321688633092,0.32259277148987164,2013-11-11 03:49,4.3114850306855966e-07,-14.383442358037543,-0.20319976909059712,,658.25,781.75
120.71926229147357,0.3370915342849912,2013-11-11 16:51,4.780152397372881e-07,36.37332849743089,-0.25065654219297784,,781.75,761.0
116.95629529832513,0.3278340199001832,2013-11-12 05:32,5.195575030958275e-07,-8.486244710828144,-0.23385530549742128,,761.0,708.25
157.78224349096126,0.3264649078832008,2013-11-12 17:20,4.690250334732647e-07,29.066233325736462,-0.32639665557305264,,708.25,834.0
225.40385601081653,0.3598457920772489,2013-11-13 07:14,5.514484013008545e-07,-5.277921303546385,-0.2273043586135386,,834.0,665.0
215.88060551658418,0.30300387053284794,2013-11-13 18:19,6.722804750618289e-07,10.203311955539334,-0.4294771889635234,,665.0,867.75
156.84136020865117,0.339618787393556,2013-11-14 08:47,6.329349919447251e-07,1.1102386832666074,-0.16071459618322986,,867.75,659.5
72.28148293027334,0.2818762429174967,2013-11-14 19:47,9.344942495315899e-07,-25.495428380719304,-0.4885658061935363,,659.5,1265.0
133.42719537753146,0.4693837042112136,2013-11-15 16:52,6.606450348572939e-07,45.07759267299177,-0.14794105132836322,,1265.0,1079.5
137.79198085566895,0.3900955978431739,2013-11-16 10:51,9.237192366294387e-07,28.853553778330266,-0.041188448930448374,,1079.5,596.0
92.93756151761772,0.3144225166644901,2013-11-16 20:47,1.0266260835633837e-06,-37.061947026910886,-0.475309860456413,,596.0,684.0
37.31388345226151,0.2694194867595797,2013-11-17 08:11,4.579045367407525e-07,45.538325625587795,0.05958234278391927,,684.0,680.0
242.07852910956717,0.3416830564761767,2013-11-17 19:31,7.901879952585853e-07,7.489235299800748,-0.40187004653561553,,680.0,1115.0
107.76974412648997,0.40212143016979096,2013-11-18 14:06,7.537744460168731e-07,56.45054093419509,0.019016382068542725,,1115.0,765.25
20.03662674399675,0.23874896671622992,2013-11-19 02:51,2.708802217317543e-07,-76.6353156586542,0.21714989741644786,,765.25,834.75
160.56004307118565,0.3669692244468024,2013-11-19 16:46,6.410949949979447e-07,54.5759345270903,-0.12219335694372191,,834.75,1350.5
99.22821901708085,0.49128150368633217,2013-11-20 15:17,8.701126263562479e-07,66.42213960337023,-0.07869408209020179,,1350.5,1460.0
106.91914294828166,0.4974566676391987,2013-11-21 15:37,9.796582473851304e-07,68.2736144476547,-0.11836008928702313,,1460.0,1468.75
100.58034518726345,0.4998221728892531,2013-11-22 16:05,8.371336631188465e-07,67.47831944328382,-0.16228823504123113,,1468.75,1450.0
117.76909391552908,0.4936141939630033,2013-11-23 16:15,1.2259511741484397e-06,67.99432136816097,-0.1625451347014959,,1450.0,1475.75
131.29590837332216,0.48959486177773215,2013-11-24 16:51,9.717025494023624e-07,61.63496507356293,-0.1945024134463793,,1475.75,900.5
115.95464247390919,0.37188694304495584,2013-11-25 07:52,1.0451738419044707e-06,-29.491466185427072,-0.03579281522858757,,900.5,604.5
134.98696079721412,0.32210557676444296,2013-11-25 17:56,4.841387317430343e-07,44.35469254524953,-0.2656289510897949,,604.5,884.25
107.97541770586395,0.3399921508244006,2013-11-26 08:40,6.120538812255623e-07,-17.30344292528356,-0.04462938404856942,,884.25,635.75
192.55924960625998,0.3081563368265051,2013-11-26 19:16,6.343126509681508e-07,16.81794534362655,-0.3047084668250708,,635.75,926.0
177.79364820339106,0.33970768372819293,2013-11-27 10:42,9.341310477683125e-07,-2.6893463767758368,0.028580653709847637,,926.0,1765.0
140.21108704475773,0.5134824876004132,2013-11-28 16:07,1.3784470125534696e-06,18.02764455220659,-0.05621023168323447,,1765.0,1032.25
153.22959881005227,0.4329022559890291,2013-11-29 09:19,7.207960914953842e-07,31.74561164870614,0.04768775494343913,,1032.25,581.75
198.42059278080706,0.31237151657114737,2013-11-29 19:01,6.626159422060329e-07,-23.4532172533364,-0.23860416225905468,,581.75,1014.25
123.88706164256291,0.36919982290128245,2013-11-30 11:55,7.170121787654419e-07,55.17688524049104,0.05054937762261602,,1014.25,1485.75
95.50014421800734,0.4785949766956037,2013-12-01 12:41,1.1069566619676057e-06,73.2157517248846,0.08680918238671609,,1485.75,1440.0
62.36155100995529,0.4703930809482699,2013-12-02 12:41,1.0430223846646506e-06,79.90106082401434,0.17956705657466188,,1440.0,545.0
52.05332649711636,0.31219477301929144,2013-12-02 21:46,1.0325525817266345e-06,-95.17970009119563,-0.34655541502846887,,545.0,930.5
74.97098072315566,0.34468114365299696,2013-12-03 13:17,5.293062327009774e-07,83.87771032831267,0.21026446354465378,,930.5,690.5
37.707080342952395,0.2735133026173571,2013-12-04 00:47,3.6079083899205617e-07,-119.31478428583353,0.11590134311675371,,690.5,954.5
129.140901483559,0.40708481521578505,2013-12-04 16:42,4.346749401683992e-07,94.67096957545033,-0.11235137685749663,,954.5,1367.75
78.60930157465918,0.4441205498820636,2013-12-05 15:29,1.0761323125389608e-06,80.33703986062586,0.12524117543651414,,1367.75,552.75
69.57776282214036,0.286883646651404,2013-12-06 00:42,1.0882115123436487e-06,-99.34271569960599,-0.27140761169094674,,552.75,993.25
103.64245451206807,0.36813264336960855,2013-12-06 17:15,5.140597345750748e-07,65.38889004847314,0.012498344916139104,,993.25,1350.75
87.74509617226431,0.4443333129340317,2013-12-07 15:46,1.006929164614701e-06,41.75240623137712,-0.030094442962898427,,1350.75,528.25
181.1995398979343,0.2983548805466853,2013-12-08 00:34,5.221172529437457e-07,-29.403736244917,-0.31140796824182715,,528.25,896.0
96.87425291919499,0.3387611010664841,2013-12-08 15:30,5.432622217986168e-07,34.06959310090457,-0.15352490573557986,,896.0,676.25
128.41263171484752,0.2971610179549316,2013-12-09 02:47,6.164812583176172e-07,-31.120960497812415,-0.19849591024545354,,676.25,794.5
137.3182226006611,0.3281843413191382,2013-12-09 16:01,5.307495982982892e-07,27.78108689929188,-0.26210064442275005,,794.5,1406.0
138.4572006723829,0.47208719004120214,2013-12-10 15:27,7.252449666528009e-07,42.7936286599608,-0.2231966427400316,,1406.0,879.5
91.42763994710549,0.3491646777110873,2013-12-11 06:07,5.628349390259727e-07,-1.921354178935987,-0.14181116348853806,,879.5,634.5
170.73912945821212,0.3252763097028947,2013-12-11 16:41,5.133762679552751e-07,29.69798950374113,-0.35608482247274864,,634.5,940.0
130.76342683818075,0.352899779175641,2013-12-12 08:21,6.303816654383516e-07,6.967393778503658,-0.08861915058855896,,940.0,602.25
235.83304015502654,0.3205853206251049,2013-12-12 18:23,8.299585179851918e-07,-3.980410432383473,-0.4932601406845214,,602.25,1077.0
101.66273390575225,0.3426971415610751,2013-12-13 12:20,1.2320805015693924e-06,30.67927255105379,0.15748397839189643,,1077.0,1474.0
99.40416932028893,0.4600505376671208,2013-12-14 12:54,1.5262456276454746e-06,39.7737338895645,0.10082689551850521,,1474.0,1466.0
63.59410114111961,0.4640719415328931,2013-12-15 13:20,1.265712180014061e-06,47.99724309426062,0.051016492211473974,,1466.0,635.0
56.86743997828307,0.2946696133527439,2013-12-15 23:55,6.497908578970494e-07,-99.77798281798498,-0.06285945708667384,,635.0,906.75
138.61355123890098,0.3697833074897062,2013-12-16 15:02,6.589575514421148e-07,56.05634594060934,-0.0024160801328392267,,906.75,1384.0
101.09956001457613,0.4708586214925162,2013-12-17 14:06,1.0576004839660449e-06,60.23687741559838,-0.010643179927487978,,1384.0,707.75
25.86231962153397,0.2765834996418562,2013-12-18 01:54,9.224587144574134e-07,-89.76677204038604,0.09952043133858979,,707.75,807.25
137.10764647100586,0.34517705426551404,2013-12-18 15:21,5.863896554954044e-07,60.33484707418418,-0.05384651380159511,,807.25,1414.25
102.58752303752408,0.4808201433625072,2013-12-19 14:55,9.094630491556985e-07,62.2582814909407,-0.062334718495218766,,1414.25,665.75
43.495382741130015,0.2807367771922145,2013-12-20 02:01,1.1516106534472488e-06,-72.80830927944163,-0.05345557965897996,,665.75,832.25
127.36063629117416,0.3580279459361918,2013-12-20 15:53,5.612365439914878e-07,56.69747929187038,-0.12136391189310558,,832.25,1425.0
106.39041254559561,0.47824947583139876,2013-12-21 15:38,1.0410969331330226e-06,58.391722159839446,-0.1229429225383818,,1425.0,1462.0
82.2810994798856,0.4857326804922195,2013-12-22 16:00,1.2258011573034729e-06,55.4248981583164,-0.13982077452425656,,1462.0,1388.0
82.01610286639334,0.46076263594441114,2013-12-23 15:08,1.0864875728640114e-06,55.56653332478135,0.005140194847083279,,1388.0,1236.0
50.58391723076056,0.39098944249853956,2013-12-24 11:44,1.46651309285719e-06,10.360971595706744,0.1952474263856807,,1236.0,579.0
90.11812700338487,0.2766489651199663,2013-12-24 21:23,9.46505186149511e-07,-30.293958233121433,-0.2319146268220713,,579.0,1196.0
100.31405805594841,0.4516004175558919,2013-12-25 17:19,8.325890938498613e-07,27.181656967678553,-0.12099204810499842,,1196.0,886.75
82.82009140930313,0.3586651437391993,2013-12-26 08:06,5.356418846664494e-07,25.959071725908363,-0.029763352778102714,,886.75,667.25
143.28460826474475,0.31917178114817946,2013-12-26 19:13,4.872918657484805e-07,-6.081740610187608,-0.2039263753771814,,667.25,922.75
120.0648687868088,0.3410918651439715,2013-12-27 10:36,5.47010778932991e-07,37.96916406384849,-0.08658339724414787,,922.75,1505.0
115.2321818585624,0.47706984865653795,2013-12-28 11:41,9.944148795501073e-07,55.189001547270024,-0.0906647112403256,,1505.0,1437.25
177.6110967635541,0.49401833722076843,2013-12-29 11:38,1.1719660420573941e-06,74.71057777399177,0.00486214701374621,,1437.25,562.25
29.30817696156737,0.268760107763228,2013-12-29 21:01,9.923163938354477e-07,-79.95632022286031,-0.17913254483308805,,562.25,930.5
75.42610840900306,0.38263751727354245,2013-12-30 12:31,4.596334604662142e-07,87.27217989770806,0.057570522041345384,,930.5,1450.0
42.30959033655381,0.4541360312316101,2013-12-31 12:41,1.017688374235316e-06,88.32187572358445,0.16985570295674535,,1450.0,542.25
54.07569294783025,0.29722687860776204,2013-12-31 21:43,1.075265249449025e-06,-100.79520778976905,-0.3928647797216698,,542.25,
